{
	"type": "flyingUnit",
	"unitType": "lich",
	"name": "Lich",
	"description": "I know you were waiting for this",
	"mass": 20,
	"hitsize": 40,
	"rotateSpeed": 0.01,
	"speed": 0.01,
	"maxVelocity": 0.6,
	"drag": 0.02,
	"flying": true,
	"shootCone": 20,
	"health": 6000,
	"engineOffset": 21.0,
	"engineSize": 5.3,
	"range": 80,
	"baseRotateSpeed": 0.04,
	"attackLength": 90,
	"rotateWeapon": true,
	"weapon": {
		"name": "lich-missiles",
		"length": 1.3,
		"width": 22,
		"reload": 160,
		"shots": 16,
		"inaccuracy": 10,
		"shootCone": 100,
		"shotDelay": 2,
		"alternate": true,
		"velocityRnd": 0.2,
		"spacing": 1,
		"bullet": "missileRevenant",
		"shootSound": "artillery"
	}
}