{
  "type": "flying",
  "name": "Delta",
  "description": "Defends the Atom core from enemies. Builds structures quickly.",
  "drag": 0.15,
  "speed": 4,
  "research": "mod-gate-units",
  "maxVelocity": 2,
  "canBuild": true,
  "buildSpeed": 2.5,
  "mineSpeed": 14,
  "mineTier": 5,
  "armor": 10,
  "buildTier": 5,
  "mass": 10,
  "commandLimit": 8,
  "health": 260,
  "flying": true,
  "rotateWeapon": true,
  "rotatespeed": 0.06,
  "baseRotateSpeed": 0.05,
  "weapons": [
    {
      "name": "nothing",
      "range": 150,
      "x": 0,
      "y": 2,
      "reload": 7,
      "shootcone": 360,
      "spacing": 0,
      "shootSound": "shoot",
      "bullet": {
        "type": "LaserBoltBulletType",
        "speed": 6,
        "damage": 11,
        "pierce": true,
        "pierceCap": 10,
        "splashDamage": 6,
        "mixColorFrom": "d4816b",
        "mixColorTo": "ffd37f",
        "splashDamageRadius": 4,
        "homingRange": 170,
        "homingPower": 0.18,
        "healPercent": 1,
        "collidesTeam": true,
        "hitEffect": {
            "type": "MultiEffect",
            "effects": [
                {
                    "type": "WaveEffect",
                    "colorFrom": "d4816b",
                    "colorTo": "ffd37f",
                    "rotation": 3,
                    "sizeFrom": 0,
                    "sizeTo": 4
                },
                {
                    "type": "WaveEffect",
                    "colorFrom": "ffd37f",
                    "colorTo": "d4816b",
                    "rotation": 3,
                    "sizeFrom": 4,
                    "sizeTo": 0
                }
            ]
        }
      }
    }
  ],
    "abilities": [
     {
      "type": "ForceFieldAbility",
      "radius": 10,
      "regen": 1,
      "max": 140,
      "cooldown": 480
    }      
  ],
  "hitSize": 7
}
