{
  "type": "flying",
  "name": "Epsilon",
  "description": "Defends the Element core from enemies. Builds structures quickly.",
  "drag": 0.15,
  "speed": 4.25,
  "research": "delta",
  "maxVelocity": 2,
  "canBuild": true,
  "buildSpeed": 3,
  "mineSpeed": 16,
  "mineTier": 5,
  "armor": 10,
  "buildTier": 5,
  "mass": 10,
  "commandLimit": 8,
  "health": 310,
  "flying": true,
  "rotateWeapon": true,
  "rotatespeed": 0.06,
  "baseRotateSpeed": 0.05,
  "weapons": [
    {
      "name": "nothing",
      "range": 170,
      "x": 3,
      "y": 2,
      "reload": 5,
      "spacing": 0,
      "mirror": true,
        "alternate": true
      "shootSound": "lasershoot",
      "bullet": {
        "type": "LaserBoltBulletType",
        "speed": 6,
        "damage": 11,
        "pierce": true,
        "pierceCap": 10,
        "splashDamage": 6,
        "mixColorFrom": "d4816b",
        "mixColorTo": "ffd37f",
        "splashDamageRadius": 5,
        "homingRange": 170,
        "homingPower": 0.18,
        "healPercent": 2,
        "collidesTeam": true,
        "hitEffect": {
            "type": "MultiEffect",
            "effects": [
                {
                    "type": "WaveEffect",
                    "colorFrom": "ffd37f",
                    "colorTo": "d4816b",
                    "rotation": 3,
                    "sizeFrom": 0,
                    "sizeTo": 5
                },
                {
                    "type": "WaveEffect",
                    "colorFrom": "d4816b",
                    "colorTo": "ffd37f",
                    "rotation": 3,
                    "sizeFrom": 5,
                    "sizeTo": 0
                }
            ]
        }
      }
    }
  ],
    "abilities": [
     {
      "type": "ForceFieldAbility",
      "radius": 10,
      "regen": 2,
      "max": 240,
      "cooldown": 480
    } 
  ],
"hitSize": 10
}
