{
  "type": "flying",
  "name": "HIVE Lightweight Support Unit (HLSU)",
  "description": "Spawned by the HIVE mothership, this drone supports your defense in the most optimal ways",
  "drag": 0.15,
  "speed": 2.5,
  "research": {
    "parent": "hive",
    "requirements": [
      {
        "item": "titanium",
        "amount": 1000
      }
    ]
  },
  "maxVelocity": 2.6,
  "commandLimit": 0,
  "researchCostMultiplier": 0,
  "health": 310,
  "flying": true,
  "alwaysUnlocked": false,
  "rotateWeapon": false,
  "rotatespeed": 0.06,
  "baseRotateSpeed": 0.05,
  "weapons": [
    {
      "name": "nothing",
      "range": 150,
      "x": 0,
      "y": -2,
      "reload": 50,
      "shootcone": 360,
      "spacing": 0,
      "shootSound": "laser",
      "bullet": {
        "type": "BasicBulletType",
        "speed": 40,
        "collidesTeam": true,
        "canHeal": true,
        "healPercent": 3,
        "color": "ff1717",
        "damage": 10,
        "lifetime": 7,
        "pierce": false,
        "range": 150,
        "status": "slow",
        "satusDuration": 5
      }
    }
  ],
  "abilities": [
    {
      "type": "ForceFieldAbility",
      "radius": 28,
      "regen": 2,
      "max": 450,
      "cooldown": 360
    },
    {
      "type": "RepairFieldAbility",
      "range": 60,
      "amount": 120,
      "reload": 120
    }
  ]
}
