{
  "type": "flying",
  "name": "HIVE Heavy Assault Unit (HHAU)",
  "description": "Spawned by the HIVE mothership and equipped with special sensors that allow it to always keep the perfect distance to the enemy, this drone attacks your enemies in the most optimal ways",
  "drag": 0.15,
  "outlines": false,
  "speed": 2,
  "research": {
    "parent": "hive",
    "requirements": [
      {
        "item": "titanium",
        "amount": 1000
      }
    ]
  },
  "maxVelocity": 2,
  "commandLimit": 0,
  "alwaysUnlocked": false,
  "health": 1070,
  "flying": true,
  "rotateWeapon": false,
  "rotatespeed": 0.06,
  "baseRotateSpeed": 0.05,
  "weapons": [
    {
      "name": "nothing",
      "range": 150,
      "x": 0,
      "y": -2,
      "reload": 50,
      "shootcone": 360,
      "spacing": 0,
      "shootSound": "laser",
      "bullet": {
        "type": "MissileBulletType",
        "speed": 10,
        "damage": 50,
        "pierce": true,
        "pierceBuilding": true,
        "pierceCap": 4,
        "homingPower": 0.0003,
        "homingRange": 25
      }
    }
  ]
}
