{
  "type": "flying",
  "name": "K.I.N.G.",
  "description": "Stands for King In New Greatness. Developers say the name sounds weird so they called him K.I.N.G. Is equipped with multiple homing rocket launchers and a healing gun.",
  "details": "An eerie silence looms over a canyon, a tension so palpable that anyone could have not only seen it but cut it with a knife as well, for this was a final stand, one that would dictate the fate of a planet. The battle that would occur later would be considered by many to be not even a 'battle' at all, more resembling a massacre than an even fight, but what makes this 'battle' not truly lost is a unit that stood above all, one that a renewed determination to continue the fight, one that would that while having lost the 'battle' would truly earn its name. \n \n Although having lost the 'battle' and the main core, it proved to whatever controlled the HIVE that the militaries of the Cluster can make a stand albeit barely and that their 'planet killer' was not only vulnerable but capable of being destroyed aswell. \n \n However the primary effect of the engagement occurred on the planet itself, but rather on the rest of the Cluster, despite a tense arms race for total dominance already taking place, the devastating engagement have fueled the fires of innovation further and further than ever before, less this a simple fire, more it is a cluster spanning inferno that is engulfing more and more worlds. \n \n The final stand of the main core did not end the fears of collapse, but rather it has accelerated it. The future of the next generations is becoming increasingly uncertain as the inferno spreads further. But if there is any hope for salvation it is found on a planet sparked the discovery of Living metal, none other than Serpulo itself. But a race against time has begun for anyone or anything that wishes to achieve salvation, for the revelations are fading away as time goes on, it is only a matter of time whether or not salvation can be achieved.  However despite all odds many have taken their chances at doing so.",  
  "flying": "true",
  "lowAltitude": true,
  "rotateSpeed": 0.5,
  "accel": 1,
  "commandLimit": 10,
  "range": 180,
  "speed": 0.5,
  "health": 20000,
  "armor": 15,
  "weapons": [
    {
      "name": "king-gattling2",
      "x": -25,
      "y": -25,
      "shootSound": "missile",
      "rotate": true,
      "reload": 25,
      "shootCone": 30,
      "range": 180,
      "bullet": {
        "type": "MissileBulletType",
        "damage": 5,
        "pierce": true,
        "pierceBuilding": true,
        "pierceCap": 3,
        "splashDamage": 50,
        "splashDamageRadius": 21,
        "lifetime": 240,
        "homingRange": 175,
        "homingPower": 0.1,
        "weaveScale": 4,
        "weaveMag": 10
      }
    },
    {
      "name": "king-gattling2",
      "x": 25,
      "shootSound": "missile",
      "y": -25,
      "range": 180,
      "rotate": true,
      "reload": 25,
      "shootCone": 30,
      "bullet": {
        "type": "MissileBulletType",
        "damage": 5,
        "splashDamage": 50,
        "splashDamageRadius": 21,
        "pierce": true,
        "pierceBuilding": true,
        "pierceCap": 3,
        "lifetime": 240,
        "status": "burning",
        "homingRange": 175,
        "homingPower": 0.1,
        "weaveScale": 4,
        "weaveMag": 10
      }
    },
    {
      "name": "king-heal",
      "x": 0,
      "y": 10,
      "range": 220,
      "shootSound": "missile",
      "rotate": true,
      "reload": 25,
      "shootCone": 30,
      "bullet": {
        "type": "LaserBoltBulletType",
        "collidesTeam": true,
        "damage": 1,
        "lifetime": 290,
        "healPercent": 8.5
      }
    },
    {
      "name": "king-gattling-2",
      "x": 25,
      "y": 15,
      "range": 180,
      "shootSound": "missile",
      "rotate": true,
      "reload": 25,
      "shootCone": 30,
      "bullet": {
        "type": "MissileBulletType",
        "damage": 5,
        "splashDamage": 50,
        "splashDamageRadius": 21,
        "pierce": true,
        "pierceBuilding": true,
        "pierceCap": 3,
        "lifetime": 240,
        "status": "burning",
        "homingRange": 175,
        "homingPower": 0.1
        "weaveScale": 4,
        "weaveMag": 10
      }
    },
    {
      "name": "king-gattling-2",
      "x": -25,
      "y": 15,
      "range": 180,
      "rotate": true,
      "reload": 25,
      "shootCone": 30,
      "shootSound": "missile",
      "bullet": {
        "type": "MissileBulletType",
        "damage": 5,
        "splashDamage": 50,
        "splashDamageRadius": 21,
        "pierce": true,
        "pierceBuilding": true,
        "pierceCap": 3,
        "lifetime": 240,
        "status": "burning",
        "homingRange": 175,
        "homingPower": 0.1,
        "weaveScale": 4,
        "weaveMag": 10
      }
    }
  ],
  "category": "units",
  "research": "tentacle",
  "shootSound": "missile",
  "hitSize": 40
}
