{
        "name": "neutron-overcharge",
        "localizedName": "Neutron Overcharge",
        "description": "You are being overcharged with neutron star energy.",
        "speedMultiplier": 1.35,
        "damageMultiplier": 1.35,
        "reloadMultiplier": 1.75,
        "effect": {
        "type": "ParticleEffect",
        "line": true,
        "particles": 5,
        "lifetime": 10,
        "length": 35,
        "cone": -360,
        "lenFrom": 5,
        "lenTo": 0,
        "colorFrom": "A9D8FFFF",
        "colorTo": "66B1FFFF"
        },
        "damage": -6
}