    {
"name": "plasma-vaporisation",
"reloadMultiplier": 0.5,
"speedMultiplier": 0.7,
"effectChance": 0.5,
"damage": 9,
"transitionDamage": 66,
"affinities": [ "tarred", "melting", "exogenesis-molten1"],
"effect": {
"type": "MultiEffect",
"effects": [
{     
"type": "ParticleEffect",
"particles": 5,
"offset": 30,
"sizeFrom": 2,
"sizeTo": 0,
"interp": "pow3In",
"sizeInterp": "pow5Out",
"length": 70,
"lifetime": 20,
"colorFrom": "FFC1BBFF",
"colorTo": "FF584530",
"cone": 360
},
{     
"type": "ParticleEffect",
"particles": 3,
"offset": 30,
"sizeFrom": 3,
"sizeTo": 0,
"interp": "pow3In",
"sizeInterp": "pow5Out",
"length": 60,
"lifetime": 30,
"colorFrom": "FFC1BBFF",
"colorTo": "FF584530",
"cone": 360
},
{     
"type": "ParticleEffect",
"particles": 2,
"offset": 30,
"sizeFrom": 4,
"sizeTo": 0,
"interp": "pow3In",
"sizeInterp": "pow5Out",
"length": 50,
"lifetime": 40,
"colorFrom": "FFC1BBFF",
"colorTo": "FF584530",
"cone": 360
}
]
}
}
