{
"name": "Xegon Fier",
"effect": {
"type": "MultiEffect",
"effects": [
{     
"type": "ParticleEffect",
"particles": 20,
"offset": 30,
"sizeFrom": 5,
"sizeTo": 0,
"length": 50,
"interp": "pow3In",
"sizeInterp": "pow5Out",
"lifetime": 20,
"colorFrom": "DBFFBDFF",
"colorTo": "B6FC7DFF",
"cone": 360
},
{
"type": "ParticleEffect",
"particles": 6,
"offset": 30,
"sizeFrom": 9,
"sizeTo": 6,
"length": 60,
"lifetime": 30,
"colorFrom": "B6FC7D10",
"colorTo": "78787810",
"cone": 360
},
{
"type": "ParticleEffect",
"line": true,
"particles": 2,
"lifetime": 30,
"length": 25,
"lightColor": "DBFFBDFF",
"cone": -360,
"lenFrom": 5,
"lenTo": 0,
"colorFrom": "DBFFBDFF",
"colorTo": "DBFFBDFF"
}
]
},
"damage": 0.7,
"affinities": ["burning"],
"transitionDamage": 5,
"speedMultiplier": 0.94,
"healthMultiplier": 0.92
}
