{
	"type": "ItemTurret",
	"size": 12,
	"health": 8789000,
	"reload": 750,
	"range": 700,
	"ammoPerShot": 10,
    "maxAmmo": 100,
	"heatColor": "66B1FFFF",
	"recoil": 8,
    "update": true,
    "hasPower": true,
    "shootSound": "laserblast",
    "chargeSound": "none",
    "moveWhileCharging": true,
    "drawer": {
    "type": "drawTurret",
    "basePrefix": "genesux-"
    },
    "shoot": {
    "firstShotDelay": 200
    },
    "shake": 4,
	"rotateSpeed": 0.7,
    "ammoTypes": {
    "blue-titan-alloy": {
    "type": "basicBulletType",
    "sprite": "circle-bullet",
	"chargeEffect": {
    "type": "multiEffect",
    "lifetime": 200,
    "effects": [
    {
    "type": "ParticleEffect",
    "particles": 1,
    "sizeFrom": 48,
    "sizeTo": 48,
    "length": 0,
    "offsetX": -48,
    "layer": 109,
    "lifetime": 130,
    "region": "exogenesis-hypernova-light-rune8",
    "colorFrom": "303136FF",
    "colorTo": "66B1FFFF"
    },
    {
    "type": "ParticleEffect",
    "particles": 1,
    "sizeFrom": 48,
    "sizeTo": 48,
    "length": 0,
    "offsetX": -48,
    "layer": 109,
    "lifetime": 130,
    "region": "exogenesis-hypernova-light-rune7",
    "colorFrom": "303136FF",
    "colorTo": "66B1FFFF"
    },
    {
    "type": "ParticleEffect",
    "particles": 1,
    "sizeFrom": 48,
    "sizeTo": 48,
    "length": 0,
    "offsetX": -48,
    "layer": 109,
    "lifetime": 140,
    "region": "exogenesis-hypernova-light-rune6",
    "colorFrom": "303136FF",
    "colorTo": "66B1FFFF"
    },
    {
    "type": "ParticleEffect",
    "particles": 1,
    "sizeFrom": 48,
    "sizeTo": 48,
    "length": 0,
    "offsetX": -47.7,
    "layer": 109,
    "lifetime": 150,
    "region": "exogenesis-hypernova-light-rune5",
    "colorFrom": "303136FF",
    "colorTo": "66B1FFFF"
    },
    {
    "type": "ParticleEffect",
    "particles": 1,
    "sizeFrom": 48,
    "sizeTo": 48,
    "length": 0,
    "offsetX": -47.7,
    "layer": 109,
    "lifetime": 160,
    "region": "exogenesis-hypernova-light-rune4",
    "colorFrom": "303136FF",
    "colorTo": "66B1FFFF"
    },
    {
    "type": "ParticleEffect",
    "particles": 1,
    "sizeFrom": 48,
    "sizeTo": 48,
    "length": 0,
    "offsetX": -47.7,
    "layer": 109,
    "lifetime": 170,
    "region": "exogenesis-hypernova-light-rune3",
    "colorFrom": "303136FF",
    "colorTo": "66B1FFFF"
    },
    {
    "type": "ParticleEffect",
    "particles": 1,
    "sizeFrom": 48,
    "sizeTo": 48,
    "length": 0,
    "offsetX": -47.7,
    "layer": 109,
    "lifetime": 180,
    "region": "exogenesis-hypernova-light-rune2",
    "colorFrom": "303136FF",
    "colorTo": "66B1FFFF"
    },
    {
    "type": "ParticleEffect",
    "particles": 1,
    "sizeFrom": 48,
    "sizeTo": 48,
    "length": 0,
    "offsetX": -47.7,
    "layer": 109,
    "lifetime": 200,
    "region": "exogenesis-hypernova-light-rune1",
    "colorFrom": "303136FF",
    "colorTo": "66B1FFFF"
    },
    {
    "type": "WaveEffect",
    "lifetime": 25,
    "sizeFrom": 150,
    "sizeTo": 0,
    "strokeFrom": 6,
    "strokeTo": 0,
    "colorFrom": "A9D8FFFF",
    "colorTo": "66B1FFFF"
    },
    {
    "type": "ParticleEffect",
    "particles": 1,
    "sizeFrom": 2,
    "sizeTo": 50,
    "length": 0,
    "spin": 10,
    "layer": 109,
    "lifetime": 200,
    "region": "exogenesis-wide",
    "colorFrom": "66B1FFFF",
    "colorTo": "66B1FFFF"
    },
    {
    "type": "ParticleEffect",
    "particles": 1,
    "sizeFrom": 2,
    "sizeTo": 80,
    "length": 0,
    "spin": -10,
    "layer": 109,
    "lifetime": 200,
    "region": "exogenesis-tall",
    "colorFrom": "66B1FFFF",
    "colorTo": "66B1FFFF"
    },
    {
    "type": "ParticleEffect",
    "particles": 1,
    "sizeFrom": 1,
    "sizeTo": 27,
    "length": 0,
    "lifetime": 200,
    "layer": 109,
    "colorFrom": "66B1FFFF",
    "colorTo": "66B1FFFF",
    "cone": 360
    },
    {
    "type": "ParticleEffect",
    "particles": 1,
    "sizeFrom": 1,
    "sizeTo": 10.5,
    "length": 0,
    "lifetime": 200,
    "colorFrom": "FFFFFFF",
    "colorTo": "FFFFFFF",
    "cone": 360
    }
   ]
  },
        "status": "freezing",
        "shootEffect": {
        "type": "multiEffect",
        "lifetime": 80,
        "effects": [
        {
        "type": "ParticleEffect",
        "particles": 1,
        "sizeFrom": 80,
        "sizeTo": 1,
        "length": 0,
        "interp": "circleOut",
        "layer": 109,
        "lifetime": 40,
        "region": "exogenesis-tall",
        "colorFrom": "66B1FFFF",
        "colorTo": "66B1FFFF"
        },
        {
        "type": "ParticleEffect",
        "particles": 1,
        "sizeFrom": 22,
        "sizeTo": 1,
        "length": 0,
        "interp": "circleOut",
        "lifetime": 40,
        "layer": 109,
        "colorFrom": "66B1FFFF",
        "colorTo": "66B1FFFF",
        "cone": 360
        },
        {
        "type": "ParticleEffect",
        "particles": 1,
        "sizeFrom": 9.5,
        "sizeTo": 1,
        "interp": "circleOut",
        "length": 0,
        "lifetime": 40,
        "colorFrom": "FFFFFFF",
        "colorTo": "FFFFFFF",
        "cone": 360    
        }   
        ]   
        },
        "lightRadius": 100,
        "statusDuration": 200,
        "hitSound": "plasmaboom",
        "trailColor": "66B1FFFF",
        "trailParam": 5,
        "trailLength": 19,

        "trailWidth": 8,
        "trailInterval": 30,
        "trailRotation": true,
        "trailEffect": {
        "type": "MultiEffect",
        "lifetime": 32,
        "layer": 105,
        "effects": [
        {
        "type": "ParticleEffect",
        "lightOpacity": 0,
        "length": 105,
        "cone": 0,
        "randLength": false,
        "sizeFrom": 45,
        "sizeTo": 45,
        "region": "exogenesis-wide",
        "particles": 1,
        "lifetime": 35,
        "colorFrom": "66B1FFFF",
        "colorTo": "66B1FFFF",
        "spin": 6.5
        },
        {
        "type": "ParticleEffect",
        "lightOpacity": 0,
        "length": 105,
        "cone": 0,
        "randLength": false,
        "sizeFrom": 60,
        "sizeTo": 60,
        "region": "exogenesis-tall",
        "particles": 1,
        "lifetime": 35,
        "colorFrom": "66B1FFFF",
        "colorTo": "66B1FFFF",
        "spin": -6.5
        }
        ]
        },
        "shrinkY": 0,
        "shrinkX": 0,
        "absorbable": false,
        "lightning": 8,
        "lightningColor": "A9D8FFFF",
        "lightningDamage": 2000,
        "lightningCone": 360,
        "lightningLengthRand": 6,
        "lightningLength": 3,
        "lightningType": {
        "type": "LaserBulletType",
        "length": 400,
        "width": 40,
        "lifetime": 50,
        "damage": 11000,
        "lightColor": "A9D8FFFF",
        "hitEffect": {
        "type": "ParticleEffect",
        "line": true,
        "particles": 15,
        "lifetime": 20,
        "offset": 50,
        "length": 55,
        "cone": -360,
        "lenFrom": 5,
        "lenTo": 0,
        "colorFrom": "A9D8FFFF",
        "colorTo": "66B1FFFF"
        },
        "colors": ["66B1FFFF", "A9D8FFFF", "FFFFFF"],
        "sideAngle": 25,
        "sideLength": 0,
        "sideWidth": 0
        },
        "speed": 3,
        "lifetime": 180,
        "damage": 90000,
        "height": 55,
        "width": 55,
        "hitEffect": {
        "type": "multiEffect",
        "effects": [
        {
        "type": "ParticleEffect",
        "lightOpacity": 0,
        "particles": 80,
        "length": 200,
        "baseLength": 30,
        "lifetime": 280,
        "layer": 106,
        "interp": "swing",
        "sizeFrom": 24,
        "sizeTo": 10,
        "colorFrom": "66B1FFFF",
        "colorTo": "66B1FF10"
        },
        {
        "type": "ParticleEffect",
        "lightOpacity": 0,
        "particles": 80,
        "length": 250,
        "baseLength": 30,
        "lifetime": 280,
        "layer": 106,
        "interp": "swing",
        "sizeFrom": 30,
        "sizeTo": 23,
        "colorFrom": "66B1FFFF",
        "colorTo": "66B1FF10"
        },
       {
        "type": "ParticleEffect",
        "particles": 1,
        "length": 0,
        "lifetime": 200,
        "layer": 106,
        "spin": -3.3,
        "region": "exogenesis-blackhole-pulse",
        "interp": "pow3Out",
        "sizeFrom": 200,
        "sizeTo": 0,
        "colorFrom": "66B1FFFF",
        "colorTo": "66B1FF10"
       },
       {
        "type": "ParticleEffect",
        "particles": 1,
        "length": 0,
        "lifetime": 200,
        "layer": 106,
        "spin": -6.3,
        "region": "exogenesis-blackhole-pulse",
        "interp": "pow3Out",
        "sizeFrom": 165,
        "sizeTo": 0,
        "colorFrom": "66B1FFFF",
        "colorTo": "66B1FF10"
        },
        {
        "type": "WaveEffect",
        "lifetime": 30,
        "sizeFrom": 0,
        "sizeTo": 100,
        "strokeFrom": 5,
        "strokeTo": 0,
        "colorFrom": "A9D8FFFF",
        "colorTo": "66B1FFFF"
        },
        {
        "type": "WaveEffect",
        "lifetime": 125,
        "sizeFrom": 0,
        "sizeTo": 150,
        "strokeFrom": 5,
        "strokeTo": 0,
        "colorFrom": "A9D8FFFF",
        "colorTo": "66B1FFFF"
        },
        {
        "type": "ParticleEffect",
        "lightOpacity": 0,
        "length": 0,
        "sizeFrom": 95,
        "sizeTo": 0,
        "region": "exogenesis-tall",
        "particles": 1,
        "interp": "pow3Out",
        "lifetime": 200,
        "colorFrom": "66B1FFFF",
        "colorTo": "66B1FFFF",
        "spin": 8
        },
        {
        "type": "ParticleEffect",
        "lightOpacity": 0,
        "length": 0,
        "sizeFrom": 120,
        "sizeTo": 0,
        "region": "exogenesis-wide",
        "particles": 1,
        "interp": "pow3Out",
        "lifetime": 200,
        "colorFrom": "66B1FFFF",
        "colorTo": "66B1FFFF",
        "spin": -8
        },
        {
        "type": "ParticleEffect",
        "particles": 1,
        "sizeFrom": 60,
        "sizeTo": 0,
        "length": 0,
        "interp": "pow3Out",
        "lifetime": 200,
        "layer": 109,
        "colorFrom": "66B1FFFF",
        "colorTo": "66B1FFFF"
        },
        {
        "type": "ParticleEffect",
        "particles": 1,
        "sizeFrom": 35,
        "sizeTo": 0,
        "interp": "pow3Out",
        "length": 0,
        "lifetime": 200,
        "colorFrom": "FFFFFFF",
        "colorTo": "FFFFFFF"
        }
        ]
        },
        "homingRange": 230,
        "homingPower": 0.0267,
        "splashDamageRadius": 80,
        "splashDamage": 37000,
        "frontColor": "A9D8FFFF",
        "backColor": "66B1FFFF",
        "fragBullets": 5,
        "fragLifeMin": 0.5,
	    "fragAngle": 35,
	    "fragBullet": {
        "speed": 16,
        "damage": 0,
        "collidesGround": "false",
        "collidesAir": "false",
        "collides": "false",
        "type": "BasicBulletType",
        "lifetime": 5,
        "lightOpacity": 0,
        "shootEffect": "none",
        "height": 0.1,
        "width": 0.1,
        "hitEffect": "none",
        "despawnEffect": "none",
        "fragBullets": 1,
	    "fragBullet": {
        "type": "basicBulletType",
        "sprite": "circle-bullet",
        "status": "freezing",
        "lightning": 6,
        "lightningColor": "A9D8FFFF",
        "lightningDamage": 500,
        "lightningCone": 360,
        "lightningLengthRand": 2,
        "lightningLength": 1,
        "lightningType": {
        "type": "LaserBulletType",
        "length": 260,
        "width": 20,
        "lifetime": 50,
        "damage": 1000,
        "lightColor": "A9D8FFFF",
        "hitEffect": {
        "type": "ParticleEffect",
        "line": true,
        "particles": 15,
        "lifetime": 20,
        "offset": 50,
        "length": 55,
        "cone": -360,
        "lenFrom": 5,
        "lenTo": 0,
        "colorFrom": "A9D8FFFF",
        "colorTo": "66B1FFFF"
        },
        "colors": ["66B1FFFF", "A9D8FFFF", "FFFFFF"],
        "sideAngle": 25,
        "sideLength": 0,
        "sideWidth": 0
        },
        "lightRadius": 100,
        "statusDuration": 200,
        "hitSound": "plasmaboom",
        "trailColor": "66B1FFFF",
        "trailParam": 5,
        "trailLength": 19,
        "trailWidth": 8,
        "trailInterval": 30,
        "trailRotation": true,
        "trailEffect": "none",
        "shrinkY": 0,
        "shrinkX": 0,
        "absorbable": false,
        "speed": 3,
        "lifetime": 70,
        "damage": 26000,
        "height": 35,
        "width": 35,
        "hitEffect": {
        "type": "multiEffect",
        "effects": [
        {
       "type": "ParticleEffect",
        "lightOpacity": 0,
        "particles": 30,
        "length": 130,
        "baseLength": 10,
        "lifetime": 280,
        "layer": 106,
        "interp": "swing",
        "sizeFrom": 24,
        "sizeTo": 10,
        "colorFrom": "66B1FFFF",
        "colorTo": "66B1FF10"
        },
        {
        "type": "ParticleEffect",
        "lightOpacity": 0,
        "particles": 20,
        "length": 170,
        "baseLength": 10,
        "lifetime": 280,
        "layer": 106,
        "interp": "swing",
        "sizeFrom": 30,
        "sizeTo": 23,
        "colorFrom": "66B1FFFF",
        "colorTo": "66B1FF10"
       },
       {
        "type": "ParticleEffect",
        "particles": 1,
        "length": 0,
        "lifetime": 200,
        "layer": 106,
        "spin": -6.3,
        "region": "exogenesis-blackhole-pulse",
        "interp": "pow3Out",
        "sizeFrom": 165,
        "sizeTo": 0,
        "colorFrom": "66B1FFFF",
        "colorTo": "66B1FF10"
        },
        {
        "type": "WaveEffect",
        "lifetime": 125,
        "sizeFrom": 0,
        "sizeTo": 200,
        "strokeFrom": 8,
        "strokeTo": 0,
        "colorFrom": "A9D8FFFF",
        "colorTo": "66B1FFFF"
        },
        {
        "type": "ParticleEffect",
        "lightOpacity": 0,
        "length": 0,
        "sizeFrom": 75,
        "sizeTo": 0,
        "region": "exogenesis-tall",
        "particles": 1,
        "interp": "swing",
        "lifetime": 200,
        "colorFrom": "66B1FFFF",
        "colorTo": "66B1FFFF",
        "spin": 8
        },
        {
        "type": "ParticleEffect",
        "lightOpacity": 0,
        "length": 0,
        "sizeFrom": 100,
        "sizeTo": 0,
        "region": "exogenesis-wide",
        "particles": 1,
        "interp": "pow3Out",
        "lifetime": 200,
        "colorFrom": "66B1FFFF",
        "colorTo": "66B1FFFF",
        "spin": -8
        },
        {
        "type": "ParticleEffect",
        "particles": 1,
        "sizeFrom": 40,
        "sizeTo": 0,
        "length": 0,
        "interp": "pow3Out",
        "lifetime": 200,
        "layer": 109,
        "colorFrom": "66B1FFFF",
        "colorTo": "66B1FFFF"
        },
        {
        "type": "ParticleEffect",
        "particles": 1,
        "sizeFrom": 20,
        "sizeTo": 0,
        "interp": "pow3Out",
        "length": 0,
        "lifetime": 200,
        "colorFrom": "FFFFFFF",
        "colorTo": "FFFFFFF"
        }
        ]
        },
        "splashDamageRadius": 90,
        "splashDamage": 37000,
        "frontColor": "A9D8FFFF",
        "backColor": "66B1FFFF",
        "fragBullets": 5,
	    "fragLifeMin": 0.5,
	    "fragBullet": {
        "type": "basicBulletType",
        "sprite": "circle-bullet",
        "status": "freezing",
        "lightRadius": 50,
        "statusDuration": 1000,
        "hitSound": "plasmaboom",
        "trailColor": "66B1FFFF",
        "absorbable": false,
        "trailParam": 5,
        "trailLength": 12,
        "trailWidth": 7,
        "shrinkY": 0,
        "shrinkX": 0,
        "lightning": 17,
        "lightningDamage": 500,
        "lightningColor": "A9D8FFFF",
        "lightningCone": 360,
        "lightningLengthRand": 21,
        "lightningLength": 11,
        "speed": 3.3,
        "lifetime": 100,
        "damage": 2685,
        "height": 28,
        "width": 28,
        "hitEffect": {
        "type": "multiEffect",
        "effects": [
        {
      "type": "ParticleEffect",
        "lightOpacity": 0,
        "particles": 10,
        "length": 100,
        "baseLength": 5,
        "lifetime": 180,
        "layer": 106,
        "interp": "circleOut",
        "sizeFrom": 24,
        "sizeTo": 10,
        "colorFrom": "66B1FFFF",
        "colorTo": "66B1FF10"
        },
        {
        "type": "ParticleEffect",
        "lightOpacity": 0,
        "particles": 10,
        "length": 130,
        "baseLength": 10,
        "lifetime": 180,
        "layer": 106,
        "interp": "circleOut",
        "sizeFrom": 30,
        "sizeTo": 23,
        "colorFrom": "66B1FFFF",
        "colorTo": "66B1FF10"
        },
        {
        "type": "WaveEffect",
        "lifetime": 45,
        "sizeFrom": 0,
        "sizeTo": 70,
        "strokeFrom": 6,
        "strokeTo": 0,
        "colorFrom": "A9D8FFFF",
        "colorTo": "66B1FFFF"
        }
        ]
        },
        "trailEffect": "none",
        "homingRange": 170,
        "homingPower": 0.0567,
        "splashDamageRadius": 54,
        "splashDamage": 276,
        "frontColor": "A9D8FFFF",
        "backColor": "66B1FFFF",
	    "fragBullets": 6,
	    "fragLifeMin": 0.3,
	    "fragBullet": {
        "type": "BasicBulletType",
        "sprite": "circle-bullet",
        "status": "freezing",
        "statusDuration": 1000,
        "splashDamageRadius": 50,
        "splashDamage": 106,
        "absorbable": false,
        "speed": 3,
        "shrinkY": 0,
        "shrinkX": 0,
        "trailColor": "66B1FFFF",
        "trailParam": 5,
        "trailLength": 6,
        "trailWidth": 4,
        "lifetime": 80,
        "damage": 320,
        "trailEffect": "none",
        "height": 13,
        "width": 13,
        "hitEffect": {
        "type": "ParticleEffect",
        "particles": 10,
        "length": 60,
        "lifetime": 46,
        "interp": "circleOut",
        "cone": 360,
        "colorFrom": "A9D8FFFF",
        "colorTo": "66B1FFFF",
        "sizeFrom": 3,
        "sizeTo": 0
        },
        "frontColor": "A9D8FFFF",
        "backColor": "66B1FFFF",
     	"fragBullets": 1,
		"fragBullet": {
        "type": "ShrapnelBulletType",
        "serrations": 0,
        "splashDamageRadius": 47,
        "length": 122,
        "lifetime": 36,
        "width": 30,
        "lightColor": "A9D8FFFF",
        "fromColor": "A9D8FFFF",
        "toColor": "66B1FFFF",
        "damage": 300
		}
	    }
	    }
	    }
	    }
}
	    },
		"consumes" : {
		"power": 380
			},
	"requirements": [
	    "silicon/10000",
	    "urbium/4000",
        "dytrix/7000",
        "siradamite/7750",
        "stellar-steel/8300",
        "omega-blue/6800",
        "blue-titan-alloy/1000",
        "osmium/4800"
	],
	"category": "turret",
	"research": "c-constellation"
}
