{
    "type": "ItemTurret",
    "researchCostMultiplier": 0.1,
    "size": 1,
    "health": 240,
    "reload": 20,
    "range": 180,
    "shoot": {
    "type": "ShootAlternate",
    "spread": 3,
    "shots": 2
    },
    "drawer": {
    "type": "drawTurret",
    "basePrefix": "quantra-"
    },     
    "shootEffect": {
    "type": "ParticleEffect",
    "line": true,
    "particles": 5,
    "lifetime": 10,
    "length": 35,
    "cone": -360,
    "lenFrom": 5,
    "lenTo": 0,
    "colorFrom": "73FFAEFF",
    "colorTo": "73FFAEFF"
    },
    "recoil": 0.7,
    "rotateSpeed": 5,
    "shootSound": "sap",
    "hasPower": true,
    "ammoTypes": {
        "valvanite": {
        "type": "LaserBoltBulletType",
        "shrinkY": 0.1,
        "shrinkX": 0.1,
        "speed": 5,
        "lifetime": 40,
        "damage": 9,
        "status": "corroded",
        "height": 5,
        "width": 2,
        "hitEffect": {
        "type": "ParticleEffect",
        "line": true,
        "particles": 5,
        "lifetime": 10,
        "length": 10,
        "cone": -360,
        "lenFrom": 1,
        "lenTo": 0,
        "colorFrom": "73FFAEFF",
        "colorTo": "73FFAEFF"
        },
        "despawnEffect": {
        "type": "WaveEffect",
        "lifetime": 25,
        "sizeFrom": 0,
        "sizeTo": 10,
        "strokeFrom": 1,
        "strokeTo": 0,
        "colorFrom": "73FFAEFF",
        "colorTo": "73FFAEFF"
        },
        "frontColor": "FFFFFFF",
        "backColor": "73FFAEFF"
            }
    },
    "requirements": [
        "valvanite/20",
        "copper/140"
    ],
    "category": "turret",
    "research": "g-tau"
}
