 {
	"type": "ItemTurret",
	"size": 4,
	"health": 1600,
	"range": 300,
	"reload" : 250,
        "outlineColor": "1B1B1BFF",
	"recoil" : 3,
	"heatColor": "CB1D1DFF",
	"rotateSpeed": 4.0,
	"shake" : 4,
    "drawer": {
    "type": "drawTurret",
    "basePrefix": "solran-"
    },
	"shootSound" : "plasmaboom",
 "shoot": {
         "firstShotDelay": 30
         },
	"ammoTypes": {
    "blast-compound": {
	"type": "LaserBulletType",
	"hitEffect": "hitMeltdown",
	"status": "melting",
	"statusDuration": 100,
	"hitSize": 8,
    "width": 30,
	"lifetime": 30,
	"length": 300,
    "sideAngle": 90,
    "sideLength": 40,
    "sideWidth": 1,
	"damage": 400,
    "lightningSpacing": 25,
    "lightningLength": 8,
    "lightningDelay": 1.1,
    "lightningLengthRand": 5,
    "lightningDamage": 70,
    "lightningAngleRand": 8,
    "lightColor": "FF5845FF",
    "lightningColor": "FF5845FF",
    "shootEffect": "blastExplosion",
    "colors": ["FF5845FF", "FFC1BBFF", "FFFFFFF"]
    },
    "thorium": {
    "type": "LaserBulletType",
    "hitEffect": "thoriumShoot",
    "status": "melting",
    "statusDuration": 100,
    "hitSize": 8,
    "width": 30,
    "lifetime": 30,
    "length": 300,
    "sideAngle": 90,
    "sideLength": 40,
    "sideWidth": 1,
    "damage": 700,
    "lightningSpacing": 25,
    "lightningLength": 8,
    "lightningDelay": 1.1,
    "lightningLengthRand": 5,
    "lightningDamage": 90,
    "lightningAngleRand": 8,
    "lightColor": "F9A3C7FF",
    "lightningColor": "F9A3C7FF",
    "shootEffect": "thoriumShoot",
    "colors": ["CB8EBFff", "F9A3C7FF", "FFE0EDFF"]
           }
        },
    "consumes": {
	"liquid": {
	"liquid": "slag",
	"optional": true,
	"update": false,
	"amount": 0.4
	}
	},
	"requirements": [
	 "beryllium/450",
        "tungsten/400",
        "primal-red/400",
        "volcanite/160",
        "silicon/260"
	],
	"category": "turret",
	"research": "r-demon"
    }
