{
    "type": "ItemTurret",
    "researchCostMultiplier": 0.1,
    "size": 1,
    "health": 140,
    "reload": 70,
    "range": 70,
    "outlineColor": "1B1B1BFF",
    "targetAir": false,
    "recoil": 3,
    "rotateSpeed": 5,
    "shootSound": "shotgun",
    "ammoPerShot": 2,
    "ammoTypes": {
        "coal": {
            "type": "shrapnelBulletType",
    "drawer": {
    "type": "drawTurret",
    "basePrefix": "solran-"
    },
            "lifetime": 19,
            "damage": 48,
            "serrations": 3,
            "fromColor": "FF8142FF",
            "toColor": "7e7e7e",
            "length": 70,
            "width": 10,
            "hitEffect": "hitMeltdown",
            "shootEffect": "hitMeltdown",
            "pierce": true,
            "smokeEffect": "hitBulletBig"
        }
    },
    "requirements": [
		{ "item": "beryllium", "amount": 50 },
		{ "item": "volcanite", "amount": 50 }
    ],
    "category": "turret",
    "research": "team-soletux"
}
