{
  "type": "legs",
  "name": "Corax",
  "description": "A heavy unit with an appearance similar to that of Corvus. Shoots a similar laser to Corvus but also some light artillery.",
  "health": 18000,
  "armor": 14,
  "legCount": 6,
  "allowLegStep": true,
  "immunities": ["melting", "burning", "sapped", "freezing", "wet"],
  "hovering": true,
  "canDrown": false,
  "legContinuousMove": false,
  "drownTimeMultiplier": 99999999999,
  "legMoveSpace": 0.8,
  "legPairOffset": 2,
  "legLength": 80,
  "legExtension": -20,
  "legBaseOffset": 8,
  "stepShake": 4,
  "legLengthScl": 0.93,
  "rippleScale": 6,
  "speed": 0.96,
  "legSpeed": 0.31,
  "legSplashDamage": 75,
  "legSplashRange": 48,
  //"parts": [
    //{
      //"type": "HaloPart",
      //"x": 0,
      //"y": -24,
      //"color": "84f491",
      //"colorTo": "62ae7f",
      //"mirror": false,
      //"hollow": true,
      //"shapes": 6,
      //"sides": 8,
      //"radius": 12,
      //"stroke": 2,
      //"haloRotateSpeed": 1.3,
    //}
  //],
  "shadowElevation": 0.2,
  "speed": 0.45,
  "drawShields": false,
  "weapons": [
    {
      "name": "nothing",
      "unitSort": "strongest",
      "predictTarget": true,
      "x": 0,
      "y": 20,
      "shootSound": "laserblast",
      "chargeSound": "lasercharge",
      "soundPitchMin": 1,
      "top": false,
      "mirror": false,
      "shake": 16,
      "reload": 480,
      "recoil": 0,
      "cooldownTime": 480,
      "shootStatus": "unmoving",
      "shootStatusDuration": 180,
      "shoot": {   
        "firstShotDelay": 90,
      },
      "parentizeEffects": true,
      "bullet": {
        "type": "LaserBulletType",
        "length": 580,
        "damage": 920,
        "width": 80,
        "lifetime": 100,
        "lightningSpacing": 35,
        "lightningLength": 12,
        "lightningDelay": 1.1,
        "lightningLengthRand": 15,
        "lightningDamage": 60,
        "lightningAngleRand": 40,
        "largeHit": true,
        "chargeEffect": "greenLaserCharge"
        "lightColor": "92e02f",
        "lightningColor": "92e02f",
        "healPercent": 30,
        "collidesTeam": true,
        "sideAngle": 15,
        "sideWidth": 0,
        "sideLength": 0,
        "colors": ["6fa629", "92e02f", "ffffff"],
      }
    }
  ],
  "research": {
    "parent": "mod-gate-units",
    "requirements": [
      {"item": "silicon", "amount": 7200},
      {"item": "titanium", "amount": 5400},
      {"item": "thorium", "amount": 4500},
      {"item": "plastanium", "amount": 4000},
      {"item": "surge-alloy", "amount": 3600}
    ]
  }
  "hitSize": 52,
}
