{
"name": "Helios",
"type": "mech",
"boostMultiplier": 2,
"canBoost": true,
"mineSpeed": 6,
"buildSpeed": 2,
"mineTier": 5,
"itemCapacity": 100,
"engineOffset": 8.5,
"armor": 8,
"hitSize": 23,
"mechFrontSway": 0.55,
"engineColor": "FF5845FF",
"speed": 0.76,
"flying": false,
"health": 2700,
"range": 120,
"immunities": [
		"burning"
		],
"weapons": [
  {
  "name": "helios-gun",
   "shootCone": 15,
    "mirror": true,
    "alternate": true,
    "top": false, 
    "x": 10,
    "y": 0.4,
    "shootY": 6,
    "reload": 38,
    "recoil": 2,
    "shootSound": "artillery",
    "bullet": { 
    "type": "artilleryBulletType",
    "shootEffect": "shootBig",
    "hitEffect": "blastExplosion",
    "despawnEffect": "blastExplosion",
    "knockback": 0.8,
    "lifetime": 70,
    "damage": 77,
    "buildingDamageMultiplier": 0.05,
    "status": "blasted",
    "statusDuration": 80,
    "speed": 3.6,
    "width": 15,
    "height": 15,
    "collides": true,
    "collidesAir": true,
    "collidesTiles": true,
    "splashDamageRadius": 20,
    "splashDamage": 45,
    "trailSize": 6,
    "trailColor": "DE4136FF",
	"frontColor": "FF5845FF",
    "backColor": "DE4136FF",
    "fragBullets": 6,
	"fragBullet": {
	"type": "LiquidBulletType",
	"liquid": "slag",
	"status": "melting",
	"lifetime": 10,
    "incendChance": 140,
    "incendSpread": 18,
    "incendAmount": 4,
	"puddleSize": 8,
	"orbSize": 2.5,
	"speed": 3,
	"damage" : 3
    }
    }
  }
  ]
}
 
