{
"type": "mech",
"boostMultiplier": 1.6,
"canBoost": true,
"mineSpeed": 7,
"buildSpeed": 4,
"mineTier": 5,
"outlineColor": "313131FF",
"itemCapacity": 120,
"engineOffset": 11.5,
"engineColor": "FF8D54FF",
"engineSize": 4,
"isCounted": false,
"armor": 12,
"hitSize": 33,
"mechFrontSway": 0.65,
"speed": 0.76,
"flying": false,
"health": 6000,
"range": 120,
"immunities": [
    	"melting",
    	"blasted",
       	"freezing",
		"burning"
		],
"weapons": [
  {
  "name": "solar-vanquisher-gun",
   "shootCone": 34,
    "mirror": true,
    "alternate": false,
    "top": false, 
    "layerOffset": -0.001,
    "x": 17,
    "y": 0,
    "shootY": 18,
    "rotate": true,
    "rotateSpeed": 0.3,
    "cooldownTime": 90,
    "rotationLimit": 30,
    "shootSound": "torch",
    "alwaysContinuous": true,
    "continuous": true,
    "bullet": {
     "type": "ContinuousFlameBulletType",
    "colors": ["e71507AA", "ff8517ff", "ffda5bff", "fffeebff"],
    "damage": 30,
    "flareWidth": 0,
    "width": 6,
     "hitEffect": {
    "type": "ParticleEffect",
    "line": true,
    "particles": 7,
    "lifetime": 15,
    "length": 65,
    "cone": -360,
    "strokeFrom": 2.5,
    "strokeTo": 0,
    "lenFrom": 8,
    "lenTo": 0,
    "colorFrom": "ffda5bff",
    "colorTo": "ff8517ff"
    },
    "divisions": 20,
    "length": 160,
    "drawSize": 350,
    "lifetime": 220,
    "status": "melting",
    "statusDuration": 150
    }
  }
]
}
