{
    "type": "legs",
	"speed": 2.4,
	"outlineColor": "414452FF",
	"hitSize": 18,
	"health": 560,
    "mineSpeed": 9,
    "buildSpeed": 4.2,
    "mineTier": 3,
    "itemCapacity": 60,
	"armor": 5,
	"faceTarget": true,
	"range": 180,
	"flying": false,
	"targetAir": true,
	"rotateSpeed": 3,
    "legBaseOffset": 4,
    "legContinuousMove": true,
	"legCount": 4,
	"legPairOffset": 2,
	"legLength": 22,
	"allowLegStep": true,
	"hovering": true,
    "parts": [
         {
         "type": "FlarePart",
          "color2": "FFFFFF",
          "color1": "A9D8FFFF",
          "y": 6,
          "followRotation": true,
          "stroke": 3,
          "radius": 6
         }
],
	"immunities": [
		"burning", 
		"overclock",
		"freezing"
	],
	"weapons": [
	    {
  "name": "shooting star",
  "x": 0,
  "y": 9,
  "reload": 15,
  "mirror": false,
  "top": true,
  "rotate": true,
  "shootY": 6,
  "rotateSpeed": 4,
  "recoil": 2,
  "inaccuracy": 360,
"shoot": {
"type": "shootPattern",
    "shots": 3,
    "shotDelay": 2
},
  "shootSound": "sap",
  "bullet": {
  "type": "basicBulletType",
  "sprite": "exogenesis-energy-partical",
  "hitEffect": {
  "type": "ParticleEffect",
  "line": true,
  "particles": 6,
  "lifetime": 26,
  "length": 35,
  "cone": -40,
  "lenFrom": 6,
  "lenTo": 6,
  "colorFrom": "A9D8FFFF",
  "colorTo": "66B1FFFF"    
  },
  "despawnEffect": {
  "type": "ParticleEffect",
  "line": true,
  "particles": 6,
  "lifetime": 26,
  "length": 35,
  "cone": -360,
  "lenFrom": 5,
  "lenTo": 5,
  "colorFrom": "A9D8FFFF",
  "colorTo": "66B1FFFF"        
  },
  "shootEffect": "none",
  "homingPower": 0.4,
  "homingRange": 120,
  "homingDelay": 5,
  "trailColor": "66B1FFFF",
  "trailLength": 8,
  "trailWidth": 1.6,
  "buildingDamageMultiplier": 0.12,
  "lifetime": 40,
  "damage": 20,
  "statusDuration": 40,
  "status": "freezing",
  "speed": 6,
  "width": 18,
  "height": 18,
  "backColor": "66B1FFFF",
  "frontColor": "FFFFFFFF"
	}
	}
    ],
    "abilities": [
    {
     "type": "mindustry.entities.abilities.StatusFieldAbility",
      "effect": "overclock",
      "parentizeEffects": true,
      "effectY": 13,
      "activeEffect": "none",
      "range" : 70,
      "reload" : 5,
      "duration" : 5
            },
            {
            "type": "mindustry.entities.abilities.ForceFieldAbility",
            "radius": 30,
            "regen": 3,
            "max": 250,
            "cooldown": 40
            }
        ]
}
