{
  "name": "Compact Laser Drill",
  "description": "A smaller version of the laser drill.",
  "type": "Drill",
  "size": 2,
  "itemCapacity": 4,
  "drawRim": true,
  "tier": 4,
  "drillTime": 250,
  "consumes": {
    "power": 0.6,
    "liquid": {
      "liquid": "water",
      "amount": 0.018,
      "optional": true,
      "booster": true
    }
  },
  "requirements": [
    {
      "item": "copper",
      "amount": 25
    },
    {
      "item": "graphite",
      "amount": 20
    },
    {
      "item": "silicon",
      "amount": 20
    },
    {
      "item": "titanium",
      "amount": 10
    }
  ],
  "category": "production",
  "research": "titanium-drill"
}
