{
  "type": "GenericCrafter",
  "name": "Ground Crusher",
  "description": "Grinds the ground at high speeds and creates sand from it while using power.",
  "size": 3,
  "hasPower": true,
  "hasItems": true,
  "hasLiquids": false,
  "loopSound": "crush",
  "craftTime": 60,
  "loopSoundVolume": 1.3,
  "itemCapacity": 50,
  "craftEffect": {
    "type": "WaveEffect",
    "colorFrom": "f7cba4",
    "colorTo": "d3ae8d",
    "lifetime": 45,
    "sizeFrom": 12,
    "sizeTo": 0,
  },
  "consumes": {
    "power": 3,
  },
  "requirements": [
    {
      "item": "copper",
      "amount": 160
    },
    {
      "item": "lead",
      "amount": 100
    },
    {
      "item": "graphite",
      "amount": 60
    },
    {
      "item": "silicon",
      "amount": 40
    }
  ],
  "category": "production",
  "research": "ground-miller",
  "outputItem": {
    "item": "sand",
    "amount": 6
  }
}
