{
  "type": "Fracker",
  "localizedName": "Oil Bore",
  "description": "A better oil extractor that runs more efficiently and doesn't have tile restrictions.",
  "health": 590,
  "result": "oil",
  "pumpAmount": 0.35,
  "drawer": "DrawDefault",
  "craftTime": 60,
  "itemUseTime": 60,
  "size": 4,
  "requirements": [
    {"item": "copper", "amount": 220},
    {"item": "lead", "amount": 190},
    {"item": "graphite", "amount": 210},
    {"item": "silicon", "amount": 120},
    {"item": "thorium", "amount": 160},
    {"item": "plastanium", "amount": 80}
  ],
  "hasPower": true,
  "hasLiquids": true,
  "hasItems": true,
  "itemCapacity": 15,
  "liquidCapacity": 50,
  "attribute": "oil",
  "consumes": {
    "power": 6,
    "items": {
      "items": [
        {"item": "sand", "amount": 1}
      ]
    },
    "liquid": {
      "liquid": "water",
      "amount": 0.15
    }
  },
  "category": "production",
  "research": "mod-gate-drills"
}
