{
  "type": "GenericCrafter",
  "name": "Pneumatic Sieve",
  "description": "Filters water faster than the mechanical sieve to extract gold from it faster..",
  "health": 220,
  "size": 2,
  "hasLiquids": true,
  "liquidCapacity": 180
  "hasItems": true,
  "hasPower": false,
  "itemCapacity": 30,
  "drawer": {
    "type": "DrawMulti",
    "drawers": [
      {
        "type": "DrawRegion",
        "suffix": "-bottom"
      },
      {
        "type": "DrawLiquidTile",
        "drawLiquid": "water"
      },
      {
        "type": "DrawRegion",
        "suffix": "-grid"
      },
      {
        "type": "DrawDefault"
      }
    ]
  },
  "liquidCapactiy": 100,
  "craftEffect": {
    "type": "MultiEffect",
    "effects": [
      {
        "type": "WaveEffect",
        "sizeFrom": 0,
        "sizeTo": 12,
        "colorFrom": "3b85d3",
        "colorTo": "2c5682",
        "interp": "pow2Out"
      }
    ]
  },
  "consumes": {
    "liquid": {
      "liquid": "water",
      "amount": 0.3
    }
  },
  "craftTime": 960,
  "outputItem": {
    "item": "gold",
    "amount": 1
  },
  "category": "production",
  "research": "mechanical-sieve",
  "requirements": [
    {"item": "copper", "amount": 240},
    {"item": "lead", "amount": 160},
    {"item": "graphite", "amount": 45}
  ]
}
