{
  "type": "GenericCrafter",
  "name": "Steel Sieve",
  "description": "Filters great amounts of water at even greater speeds compared to the it's predecessore and filters more gold out each time..",
  "health": 465,
  "size": 4,
  "hasLiquids": true,
  "hasItems": true,
  "liquidCapacity": 360,
  "hasPower": true,
  "drawer": {
    "type": "DrawMulti",
    "drawers": [
      {
        "type": "DrawRegion",
        "suffix": "-bottom"
      },
      {
        "type": "DrawLiquidTile",
        "drawLiquid": "water"
      },
      {
        "type": "DrawRegion",
        "suffix": "-grid"
      },
      {
        "type": "DrawDefault"
      }
    ]
  },
  "itemCapacity": 40,
  "liquidCapactiy": 220,
  "craftEffect": {
    "type": "MultiEffect",
    "effects": [
      {
        "type": "WaveEffect",
        "sizeFrom": 0,
        "sizeTo": 12,
        "colorFrom": "3b85d3",
        "colorTo": "2c5682",
        "interp": "pow2Out"
      }
    ]
  },
  "consumes": {
    "power": 4,
    "liquid": {
      "liquid": "water",
      "amount": 0.6
    }
  },
  "craftTime": 240,
  "outputItem": {
    "item": "gold",
    "amount": 1
  },
  "category": "production",
  "research": "titanium-sieve",
  "requirements": [
    {"item": "copper", "amount": 460},
    {"item": "lead", "amount": 320},
    {"item": "graphite", "amount": 210},
    {"item": "titanium", "amount": 120},
    {"item": "living-steel", "amount": 60}
  ]
}
