{
  "name": "Tiny Pneumatic Drill",
  "description": "A tiny version of the pneumatic drill.",
  "type": "Drill",
  "size": 1,
  "itemCapacity": 3,
  "tier": 3,
  "drillTime": 355,
  "drawMineItem": false,
  "consumes": {
    "liquid": {
      "liquid": "water",
      "amount": 0.009,
      "optional": true,
      "booster": true
    }
  },
  "requirements": [
    {
      "item": "copper",
      "amount": 5
    },
    {
      "item": "graphite",
      "amount": 2
    }
  ],
  "category": "production",
  "research": "tiny-mechanical-drill"
}
