{
  "type": "GenericCrafter",
  "name": "Titanium Sieve",
  "description": "Filters higher amounts of water at greater speeds compared to the pneumatic sieve.",
  "health": 280,
  "size": 3,
  "hasLiquids": true,
  "hasItems": true,
  "hasPower": true,
  "drawer": {
    "type": "DrawMulti",
    "drawers": [
      {
        "type": "DrawRegion",
        "suffix": "-bottom"
      },
      {
        "type": "DrawLiquidTile",
        "drawLiquid": "water"
      },
      {
        "type": "DrawRegion",
        "suffix": "-grid"
      },
      {
        "type": "DrawDefault"
      }
    ]
  },
  "itemCapacity": 40,
  "liquidCapactiy": 160,
  "craftEffect": {
    "type": "MultiEffect",
    "effects": [
      {
        "type": "WaveEffect",
        "sizeFrom": 0,
        "sizeTo": 12,
        "colorFrom": "3b85d3",
        "colorTo": "2c5682",
        "interp": "pow2Out"
      }
    ]
  },
  "updateEffectChance": 0.03,
  "consumes": {
    "power": 2,
    "liquid": {
      "liquid": "water",
      "amount": 0.45
    }
  },
  "craftTime": 480,
  "outputItem": {
    "item": "gold",
    "amount": 1
  },
  "category": "production",
  "research": "pneumatic-sieve",
  "requirements": [
    {"item": "copper", "amount": 380},
    {"item": "lead", "amount": 260},
    {"item": "graphite", "amount": 120},
    {"item": "titanium", "amount": 60}
  ]
}
