{
  "name": "Titanium Drill",
  "description": "A cheap drill for everything.",
  "type": "Drill",
  "size": 2,
  "liquidCapacity": 300,
  "tier": 5,
  "drillTime": 400,
  "consumes": {
    "liquid": {
      "liquid": "water",
      "amount": 0.05,
      "optional": true,
      "booster": true
    }
  },
  "requirements": [
    {
      "item": "graphite",
      "amount": 10
    }
    {
      "item": "silicon",
      "amount": 10
    },
    {
      "item": "titanium",
      "amount": 20
    }
  ],
  "category": "production",
  "research": "tiny-pneumatic-drill"
}
