{
    "research": {
    "parent": "b01-majoris",
    "requirements": [
    "astrolite/600",
    "lead/640",
    "silicon/800"
    ]
    },
    "type": "flying",
    "lowAltitude": true,
    "speed": 1.85,
    "accel": 0.5,
    "drag": 0.02,
    "flying": true,
    "health": 890,
    "hitSize": 12,
    "armor": 3,
    "itemCapacity": 10,
    "engineOffset": 10.5,
  "outlineColor": "36363c",
    "range": 180,
    "maxRange": 180,
 "engineColor": "A9D8FFFF",
    "aimDst": 180,
    "targetAir": true,
    "faceTarget": true,
	"weapons": [
	   {
    "name": "gacrux-energy-piercer",
    "x": 0,
    "y": 0,
    "mirror": false,
    "shootSound": "laser",
    "reload": 40,
    "bullet": {
    "hitEffect": {
    "type": "ParticleEffect",
    "line": true,
    "offset": 30,
    "particles": 13,
    "lifetime": 33,
    "length": 35,
    "cone": -360,
    "lenFrom": 6,
    "lenTo": 0,
    "colorFrom": "FFFFFF",
    "colorTo": "A9D8FFFF"
    },
    "despawnEffect": {
    "type": "ParticleEffect",
    "line": true,
    "offset": 30,
    "particles": 13,
    "lifetime": 33,
    "length": 35,
    "cone": -360,
    "lenFrom": 6,
    "lenTo": 0,
    "colorFrom": "FFFFFF",
    "colorTo": "A9D8FFFF"
    },
    "shootEffect": {
     "type": "ParticleEffect",
    "line": true,
    "particles": 7,
    "lifetime": 45,
    "length": 65,
    "cone": -40,
    "strokeFrom": 4.5,
    "strokeTo": 0,
    "lenFrom": 8,
    "lenTo": 0,
    "colorFrom": "A9D8FFFF",
    "colorTo": "66B1FFFF"
    },
    "keepVelocity": false,
    "pierce": true,
    "pierceCap": 3,
    "pierceBuilding": true,
    "type": "basicBulletType",
    "sprite": "exogenesis-star-cutter",
    "damage": 30,
    "status": "freezing",
    "statusDuration": 150,
    "shrinkY": 0,
    "shrinkX": 0,
    "width": 13,
    "height": 23,
    "speed": 5.5,
	"frontColor": "A9D8FFFF",
    "backColor": "66B1FFFF",
    "trailChance": 1,
    "trailRotation": true,
    "trailEffect": {
    "type": "ParticleEffect",
    "particles": 1,
    "length": 0,
    "lifetime": 20,
    "sizeFrom": 8,
    "region": "exogenesis-star-cutter-effect",
    "colorFrom": "A9D8FFFF",
    "colorTo": "66B1FFAA"
    },
    "lifetime": 60,
    "homingRange": 60,
    "homingPower": 0.0845
}
}
]
}
