{
    "research": {
    "parent": "kentaurus",
    "requirements": [
    "astrolite/2500",
    "terrilium/2400",
    "lead/2640",
    "silicon/2800"
    ]
    },
    "speed": 1.2,
    "rotateSpeed": 1.6,
    "accel": 0.05,
    "drag": 0.018,
    "flying": true,
    "engineColor": "A9D8FFFF",
    "faceTarget": true,
  "outlineColor": "36363c",
    "health": 12950,
    "hitSize": 36,
    "armor": 8,
    "engineOffset": 21,
    "engineSize": 5.8,
    "lowAltitude": true,
    "range": 180,
    "maxRange": 180,
    "aimDst": 180,
	"weapons": [
	       {
  "name": "vega-laser",
  "x": 0,
  "y": 0,
  "ejectEffect": "none",
  "rotate": false,
  "mirror": false,
  "shake": 1,
  "shootCone": 20,
  "cooldownTime": 145,
  "shootSound": "beam",    
  "alwaysContinuous": true,
  "continuous": true,
    "bullet": { 
     "type": "ContinuousFlameBulletType",
    "colors": ["66B1FFAA", "66B1FFff", "A9D8FFFF", "FFFFFF"]
    "damage": 30,
    "flareWidth": 4,
    "flareLength": 48,
    "flareColor": "A9D8FFFF",
    "width": 7,
     "hitEffect": {
    "type": "ParticleEffect",
    "line": true,
    "particles": 7,
    "lifetime": 15,
    "length": 65,
    "cone": -360,
    "strokeFrom": 2.5,
    "strokeTo": 0,
    "lenFrom": 8,
    "lenTo": 0,
    "colorFrom": "A9D8FFFF",
    "colorTo": "66B1FFFF"
    },
    "divisions": 20,
    "length": 240,
    "drawSize": 350,
    "lifetime": 220,
    "status": "exogenesis-high-energy-blast",
    "statusDuration": 150,
       }
	   },
	   {
    "name": "cold-plasma-gunner",
    "top": true,
    "rotate": true,
    "rotateSpeed": 4,
    "shootCone": 28,
    "reload": 58,
    "x": 16,
    "y": -6.5,
    "alternate": true,
    "recoil": 2,
    "shootSound": "laser",
    "bullet": { 
   "type": "EmpBulletType",
    "width": 10,
    "height": 10,
    "sprite": "circle-bullet",
    "frontColor": "FFFFFF",
    "backColor": "A9D8FFFF",
    "lifetime": 60,
    "speed": 5,
    "damage": 120,
    "splashDamage": 70,
    "splashDamageRadius": 50,
    "shrinkY": 0,
    "shrinkX": 0,
    "radius": 120,
    "hitPowerEffect": {
    "type": "ParticleEffect",
    "line": true,
    "particles": 6,
    "lifetime": 22,
    "length": 80,
    "cone": -360,
    "lenFrom": 6,
    "lenTo": 6,
    "colorFrom": "FFFFFFF",
    "colorTo": "A9D8FFFF"
    },
    "hitColor": "A9D8FFFF",
    "timeIncrease": 1,
    "powerDamageScl": 0.8,
    "powerSclDecrease": 0.2,
    "unitDamageScl": 0.5,
    "status": "freezing",
    "statusDuration": 100,
    "shootEffect": "lightningShoot",
    "homingPower": 0.0678,
    "homingRange": 100,
    "hitEffect": {
    "type": "multiEffect",
    "effects": [
    {
    "type": "ParticleEffect",
    "line": true,
    "particles": 17,
    "lifetime": 30,
    "offset": 50,
    "length": 85,
    "cone": -360,
    "lenFrom": 9,
    "lenTo": 0,
    "colorFrom": "A9D8FFFF",
    "colorTo": "66B1FFFF"   
    },
    {
    "type": "ParticleEffect",
    "particles": 1,
    "lifetime": 60,
    "offset": 50,
    "length": 0,
    "sizeFrom": 12,
    "sizeTo": 0,
    "colorFrom": "A9D8FFFF",
    "colorTo": "A9D8FFFF"
    },
    {
    "type": "WaveEffect",
    "lifetime": 60,
    "sizeFrom": 60,
    "sizeTo": 60,
    "strokeFrom": 4,
    "strokeTo": 0,
    "colorFrom": "66B1FFFF",
    "colorTo": "66B1FFFF"
    }
    ]
    },
    "trailColor": "A9D8FFFF",
   "trailEffect": {
    "type": "ParticleEffect",
    "particles": 1,
    "lifetime": 30,
    "offset": 50,
    "length": 0,
    "sizeFrom": 5,
    "sizeTo": 0,
    "colorFrom": "A9D8FFFF",
    "colorTo": "66B1FFFF"
    },   
    "trailInterval": 9,	
    "trailChance": 1,
}
    }
  ]
}