    {
  "research": {
  "parent": "b05-sirius",
  "requirements": [
  "astrolite/4220",
  "terrilium/940",
  "omega-blue/4850",
  "osmium/3240",
  "silicon/5300"
  ]
  },
    "groundLayer": 75,
     "outlineColor": "36363c",
    "drawShields": false,
    "type": "legs",
    "speed": 0.32,
	"hitSize": 52,
	"health": 79800,
	"armor": 24,
	"faceTarget": true,
	"drag": 0.2,
	"range": 270,
	"flying": false,
	"targetAir": true,
	"rotateSpeed": 1.5,
	"legCount": 8,
	"legLength": 66,
 "legExtension": -12,
 "legPairOffset": 4,
    "legBaseOffset": 18,
 "legContinuousMove": true,
    "legLengthScl": 1,
     "legMaxLength": 2,
    "legMoveSpace": 1,
    "legSpeed": 0.2,    
    "rippleScale": 6.8,
    "legSplashDamage": 256,
    "legSplashRange": 50,
	"allowLegStep": true,
	"hovering": true,
	"immunities": [
		"burning", 
		"melting",
   "slow",
   "exogenesis-high-energy-blast",
		"freezing"
	],
	"weapons": [
 {
  "name": "cold-plasma-shotgun",
  "x": 18,
  "y": 12,
  "reload": 70,
  "top": true,
  "rotate": true,
  "shootY": 6,
  "rotateSpeed": 4,
  "layerOffset": 0.002,
  "recoil": 2,
  "inaccuracy": 10,
"shoot": {
"type": "shootPattern",
    "shots": 5,
    "shotDelay": 3
    
},
  "shootSound": "shoot",
  "bullet": {
  "type": "basicBulletType",
  "hitEffect": {
    "type": "multiEffect",
    "effects": [
    {
    "type": "WaveEffect",
    "lifetime": 25,
    "sizeFrom": 0,
    "sizeTo": 20,
    "strokeFrom": 3.5,
    "strokeTo": 0,
    "colorFrom": "A9D8FFFF",
    "colorTo": "66B1FFFF"
    },
    {
    "type": "ParticleEffect",
    "particles": 1,
    "sizeFrom": 25,
    "sizeTo": 0,
    "length": 0,
    "lightColor": "73FFAEFF",
    "lifetime": 30,
    "layer": 109,
    "region": "exogenesis-star",
    "colorFrom": "A9D8FFFF",
    "colorTo": "66B1FFFF"
    },
    {
    "type": "ParticleEffect",
    "particles": 1,
    "sizeFrom": 10,
    "sizeTo": 0,
    "length": 0,
    "lightColor": "73FFAEFF",
    "lifetime": 30,
    "layer": 109,
    "region": "exogenesis-star",
    "colorFrom": "FFFFFFF",
    "colorTo": "FFFFFFF"
    }
  ]
  },
  "shootEffect": {
  "type": "ParticleEffect",
  "particles": 1,
  "length": 0,
  "lifetime": 25,
  "interp": "swingIn",
  "region": "exogenesis-spikething",
  "offsetX": 3,
  "sizeFrom": 10,
  "sizeTo": 1,
  "colorFrom": "A9D8FFFF",
  "colorTo": "66B1FFFF"
  },
  "despawnHit": true,
  "homingPower": 0.07,
  "homingRange": 60,
  "homingDelay": 8,
  "trailColor": "66B1FFFF",
  "trailLength": 8,
  "trailWidth": 3,
  "lifetime": 55,
  "damage": 70,
  "statusDuration": 90,
  "status": "freezing",
  "speed": 6,
  "width": 10,
  "height": 12,
  "backColor": "66B1FFFF",
  "frontColor": "A9D8FFFF"
	}
   },
  {
  "name": "eros-mount",
  "x": 46,
  "y": -6,
  "shootY": 8.5,
  "rotateSpeed": 2.5,
"controllable": false,
 "layerOffset": 0.002,
    "autoTarget": true,
  "rotate": true,
  "alternate": false,
  "mirror": true,
  "reload": 175,
  "recoil": 2,
  "cooldownTime": 175,
  "heatColor": "FFFFFaa",
  "shootSound": "beam",
  "chargeSound": "lasercharge2",
  "continuous": true,
    "bullet": { 
    "type": "ContinuousLaserBulletType",
    "damage": 70,
    "width": 6.5,
    "length": 300,
    "drawSize": 470,
    "lifetime": 210,
    "shake": 1.5,
    "despawnEffect": "smokeCloud",
    "smokeEffect": "smokeCloud",
    "largeHit": false,
    "status": "freezing",
    "statusDuration": 50,
    "incendChance": 0,
    "colors": ["66B1FF70", "66B1FFAA", "A9D8FFFF", "FFFFFF"],
    "hitEffect": {
    "type": "ParticleEffect",
    "line": true,
    "particles": 5,
    "lifetime": 10,
    "length": 35,
    "cone": -360,
    "strokeFrom": 1.5,
    "strokeTo": 1.5,
    "lenFrom": 6,
    "lenTo": 0,
    "colorFrom": "FFFFFF",
    "colorTo": "66B1FFFF"
      },
    "shootEffect": {
    "type": "ParticleEffect",
    "line": true,
    "particles": 12,
    "offset": 15,
    "lifetime": 13,
    "length": 35,
    "cone": -30,
    "lenFrom": 10,
    "lenTo": 0,
    "colorFrom": "FFFFFF",
    "colorTo": "66B1FFFF"
	}
    }
    },
    {
 "name": "b06-eros-weapon",
  "x": 0,
  "y": 0,
  "mirror": false,
  "top": false,
  "shake": 15,
  "shootY": 1,
  "shootStatus": "unmoving",
  "shootStatusDuration": 270,
  "reload": 800,
  "heatColor": "FFFFFFF",
  "cooldownTime": 500,
"shoot": {
 "firstShotDelay": 160
},
  "soundPitchMin": 1,
        "parts": [
         {
         "type": "RegionPart",
          "suffix": "-front",
          "mirror": true,   
          "moveY": 3,
          "children": [
          {
          "type": "RegionPart",
          "suffix": "-front-glow",
           "layer": -1,
           "mirror": true,
           "blending": "additive",
           "color": "66B1FF00",
            "colorTo": "66B1FF80",
          "outline": false,            
          "mirror": true,
          "progress": "charge"
          },
         {
          "type": "RegionPart",
          "suffix": "-spike1",
          "moveY": 0.6,
          "moveX": 1,
          "mirror": true,
          "progress": {
          "type": "charge",
          "op": "delay",
          "amount": 0.20
          }
          },
{
          "type": "RegionPart",
         "suffix": "-spike2",
           "moveY": 0.6,
          "moveX": 1,
          "mirror": true,
           "progress": {
          "type": "charge",
          "op": "delay",
          "amount": 0.35
          }
          },
{
          "type": "RegionPart",
          "suffix": "-spike3",
           "moveY": 1,
          "moveX": 1,
          "mirror": true,
          "progress": {
          "type": "charge",
          "op": "delay",
          "amount": 0.50
          }
          },
{
          "type": "RegionPart",
          "suffix": "-spike4",
           "moveY": 1.5,
          "moveX": 0.7,
          "mirror": true,
           "progress": {
          "type": "charge",
          "op": "delay",
          "amount": 0.65
          }
          }
          ],
          "moveX": 3,
          "progress": "charge",
          },
          { 
          "type": "RegionPart",
          "suffix": "-body-glow",
          "layer": -1,
           "mirror": true,
           "color": "A9D8FF00",
           "colorTo": "A9D8FFFF",
          "outline": false,            
          "mirror": true,
          "progress": "charge"
         }
],
    "chargeSound": "lasercharge",
    "shootSound": "coolplasmaboom",
    "bullet": {
    "chargeEffect": {
    "type": "multiEffect",
    "lifetime": 160,
    "effects": [
    {
    "type": "WaveEffect",
    "lifetime": 100,
    "sizeFrom": 180,
    "sizeTo": 0,
    "startDelay": 60,
    "interp": "pow3In",    
    "strokeFrom": 0,
    "strokeTo": 40,
    "colorFrom": "66B1FF80",
    "colorTo": "66B1FF80"
    },
    {
    "type": "WaveEffect",
    "lifetime": 100,
    "sizeFrom": 180,
    "sizeTo": 0,
    "startDelay": 60,
    "interp": "pow3In",
    "strokeFrom": 0,
    "strokeTo": 19,
    "colorFrom": "A9D8FFaa",
    "colorTo": "A9D8FFaa"
    },
    {
    "type": "WaveEffect",
    "lifetime": 100,
    "sizeFrom": 180,
    "sizeTo": 0,
    "startDelay": 60,
    "interp": "pow3In",    
    "strokeFrom": 0,
    "strokeTo": 10,
    "colorFrom": "ffffFFFF",
    "colorTo": "ffffFFFF"
    },
    {
    "type": "ParticleEffect",
    "line": true,
    "particles": 25,
    "lifetime": 140,
    "offset": 50,
    "length": 255,
    "baseLength": -255,
    "cone": 360,
    "interp": "pow3In",
    "sizeInterp": "pow5Out",    
    "strokeFrom": 0,
    "strokeTo": 2.5,
    "lenFrom": 0,
    "lenTo": 10,
    "colorFrom": "A9D8FFFF",
    "colorTo": "66B1FFFF"
    },
    {
    "type": "ParticleEffect",
    "line": true,
    "particles": 25,
    "lifetime": 120,
    "offset": 50,
    "length": 245,
    "baseLength": -245,
    "cone": 360,
    "interp": "pow3In",
    "sizeInterp": "pow5Out",  
    "strokeFrom": 0,
    "strokeTo": 2.5,
    "lenFrom": 0,
    "lenTo": 8,
    "colorFrom": "A9D8FFFF",
    "colorTo": "66B1FFFF"
    },
    {
    "type": "ParticleEffect",
    "line": true,
    "particles": 15,
    "lifetime": 100,
    "offset": 50,
    "length": 225,
    "baseLength": -235,
    "cone": 360,
    "interp": "pow3In",
    "sizeInterp": "pow5Out",    
    "strokeFrom": 0,
    "strokeTo": 2.5,    
    "lenFrom": 0,
    "lenTo": 7,
    "colorFrom": "A9D8FFFF",
    "colorTo": "66B1FFFF"
    },
    {
    "type": "ParticleEffect",
    "particles": 1,
    "sizeFrom": 2,
    "sizeTo": 45,
    "length": 0,
    "spin": 10,
    "interp": "swingOut",
    "lifetime": 160,
    "region": "exogenesis-wide",
    "colorFrom": "66B1FFFF",
    "colorTo": "66B1FFFF"
    },
    {
    "type": "ParticleEffect",
    "particles": 1,
    "sizeFrom": 2,
    "sizeTo": 41,
    "length": 0,
    "spin": -10,
    "interp": "swingOut",
    "lifetime": 160,
    "region": "exogenesis-tall",
    "colorFrom": "66B1FFFF",
    "colorTo": "66B1FFFF"
    },
    {
    "type": "ParticleEffect",
    "particles": 1,
    "sizeTo": 20,
    "length": 0,
    "interp": "swingOut",
    "lifetime": 160,
    "colorFrom": "66B1FFFF",
    "colorTo": "66B1FFFF",
    "cone": 360
    },
    {
    "type": "ParticleEffect",
    "particles": 1,
    "sizeTo": 16,
    "length": 0,
    "interp": "swingOut",
    "lifetime": 160,
    "colorFrom": "FFFFFFF",
    "colorTo": "FFFFFFF",
    "cone": 360
    },
 {
    "type": "WaveEffect",
    "lifetime": 110,
    "sizeFrom": 180,
    "sizeTo": 0,
    "interp": "pow5Out", 
    "startDelay": 10,  
    "strokeFrom": 0,
    "strokeTo": 12,
    "colorFrom": "A9D8FFff",
    "colorTo": "66B1FFff"
    },
    {
    "type": "WaveEffect",
    "lifetime": 100,
    "sizeFrom": 180,
    "sizeTo": 0,
    "startDelay": 30,
    "interp": "pow5Out",
    "strokeFrom": 0,
    "strokeTo": 9,
    "colorFrom": "A9D8FFff",
    "colorTo": "66B1FFff"
    },
    {
    "type": "WaveEffect",
    "lifetime": 100,
    "sizeFrom": 180,
    "sizeTo": 0,
    "startDelay": 50,
    "interp": "pow3In",    
    "strokeFrom": 0,
    "strokeTo": 7,
    "colorFrom": "A9D8FFff",
    "colorTo": "66B1FFff"
     }
    ]
    },
    "type": "empBulletType",
    "sprite" : "exogenesis-star-core-bullet",
    "status": "exogenesis-high-energy-blast",
    "timeIncrease": 0,
    "powerDamageScl": 1,
    "powerSclDecrease": 0.1,
    "unitDamageScl": 0.5,
    "lightRadius": 100,
    "statusDuration": 300,
    "hitSound": "plasmaboom",
    "hitColor": "A9D8FFFF",
    "trailColor": "66B1FFFF",
    "trailLength": 26,
    "trailWidth": 9,
    "shrinkY": 0,
    "shrinkX": 0,
    "lightning": 17,
    "lightningDamage": 300,
    "lightningColor": "A9D8FFFF",
    "lightningCone": 360,
    "lightningLengthRand": 19,
    "lightningLength": 10,
    "speed": 5.5,
    "spin": 6,
    "lifetime": 120,
    "damage": 4200,
    "height": 104,
    "width": 104,
    "radius": 150,
    "hitPowerEffect": {
    "type": "ParticleEffect",
    "line": true,
    "particles": 6,
    "lifetime": 22,
    "length": 80,
    "cone": -360,
    "lenFrom": 10,
    "lenTo": 10,
    "lightColor": "A9D8FFFF",
    "colorFrom": "E1F2FFFF",
    "colorTo": "A9D8FFFF"
    },
    "hitEffect": {
    "type": "multiEffect",
    "effects": [
    {
    "type": "WaveEffect",
    "lifetime": 25,
    "sizeFrom": 0,
    "sizeTo": 160,
    "strokeFrom": 16,
    "strokeTo": 0,
    "colorFrom": "A9D8FFff",
    "colorTo": "66B1FF10"
    },
    {
    "type": "WaveEffect",
    "lifetime": 25,
    "sizeFrom": 145,
    "sizeTo": 145,
    "strokeFrom": 13,
    "strokeTo": 0,
    "colorFrom": "A9D8FFAA",
    "colorTo": "66B1FF10"
    },
    {
    "type": "WaveEffect",
    "lifetime": 25,
    "sizeFrom": 0,
    "sizeTo": 125,
    "strokeFrom": 10,
    "strokeTo": 0,
    "colorFrom": "A9D8FF90",
    "colorTo": "66B1FF10"
    },
    {
    "type": "ParticleEffect",
    "particles": 20,
    "sizeFrom": 29,
    "sizeTo": 1,
    "length": 170,
    "lifetime": 105,
    "lightOpacity": 0,
    "interp": "circleOut",
    "sizeInterp": "pow5In",
    "colorFrom": "66B1FFAa",
    "colorTo": "66B1FFAA",
    "cone": 360
    },
    {
    "type": "ParticleEffect",
    "offset": 30,
    "particles": 30,
    "lifetime": 30,
    "baseLength": 85,
    "length": 170,
    "interp": "circleOut",
    "sizeInterp": "pow5In",
    "cone": -360,
    "line": true,
    "strokeFrom": 1.5,
    "strokeTo": 1.5,
    "lenFrom": 8,
    "lenTo": 8,
    "lightColor": "A9D8FFFF",
    "colorFrom": "E1F2FFFF",
    "colorTo": "A9D8FFFF"
    },
    {
    "type": "ParticleEffect",
    "offset": 30,
    "particles": 30,
    "lifetime": 100,
    "baseLength": 85,
    "length": 160,
    "interp": "circleOut",
    "sizeInterp": "pow5In",
    "cone": -360,
    "line": true,
    "strokeFrom": 1.5,
    "strokeTo": 1.5,
    "lenFrom": 8,
    "lenTo": 8,
    "lightColor": "A9D8FFFF",
    "colorFrom": "E1F2FFFF",
    "colorTo": "A9D8FFFF"
    },
    {
    "type": "ParticleEffect",
    "particles": 20,
    "sizeFrom": 22,
    "sizeTo": 1,
    "length": 150,
    "lifetime": 120,
    "interp": "circleOut",
    "sizeInterp": "pow5In",
    "lightColor": "A9D8FFFF",
    "colorFrom": "E1F2FFFF",
    "colorTo": "A9D8FFFF",
    "cone": 360
    },
    {
    "type": "ParticleEffect",
    "particles": 25,
    "offset": 50,
    "sizeFrom": 27,
    "sizeTo": 1,
    "length": 100,
    "lifetime": 90,
    "interp": "circleOut",
    "sizeInterp": "pow5In",
    "lightColor": "A9D8FFFF",
    "colorFrom": "E1F2FFFF",
    "colorTo": "A9D8FFFF",
    "cone": 360
    },
    {
    "type": "ParticleEffect",
    "particles": 20,
    "sizeFrom": 6,
    "sizeTo": 1.5,
    "length": 160,
    "lifetime": 55,
    "interp": "fastSlow",
    "lightColor": "A9D8FFFF",
    "colorFrom": "E1F2FFFF",
    "colorTo": "A9D8FFFF",
    "cone": 360
    },
    {
    "type": "ParticleEffect",
    "particles": 20,
    "sizeFrom": 6,
    "sizeTo": 1.5,
    "length": 170,
    "lifetime": 55,
    "interp": "fastSlow",
    "lightColor": "A9D8FFFF",
    "colorFrom": "E1F2FFFF",
    "colorTo": "A9D8FFFF",
    "cone": 360
    }
    ]
    },
    "splashDamageRadius": 74,
    "splashDamage": 1876,
  "trailColor": "66B1FFff",
    "trailLength": 10,
    "trailWidth": 6,
 "shootEffect": {
    "type": "multiEffect",
    "effects": [
    {
   "type": "ParticleEffect",
    "lightOpacity": 0,
    "particles": 50,
    "length": 100,
    "baseLength": 30,
    "lifetime": 80,
    "layer": 106,
    "interp": "exp5",
    "sizeFrom": 14,
    "sizeTo": 6,
     "colorFrom": "66B1FFFF",
    "colorTo": "66B1FF00",
    },
    {
    "type": "ParticleEffect",
    "lightOpacity": 0,
    "particles": 30,
    "length": 100,
    "baseLength": 60,
    "lifetime": 280,
    "layer": 106,
    "interp": "swingOut",
    "sizeFrom": 14,
    "sizeTo": 4,
     "colorFrom": "66B1FFFF",
    "colorTo": "66B1FF00",
    },
    {
    "type": "ParticleEffect",
    "particles": 20,
    "length": 120,
    "lifetime": 50,
    "interp": "pow10Out",
    "layer": 108,
    "cone": 360,
    "colorFrom": "A9D8FFFF",
    "colorTo": "A9D8FF10",
    "sizeFrom": 1,
    "sizeTo": 5
    },
    {
    "type": "ParticleEffect",
    "line": true,
    "particles": 27,
    "lifetime": 60,
    "offset": 60,
    "interp": "circleOut",
    "length": 200,
    "baseLength": 50,
    "cone": -360,
    "strokeFrom": 7,
    "strokeTo": 0,
    "lenFrom": 10,
    "lenTo": 10,
    "colorFrom": "A9D8FFFF",
    "colorTo": "66B1FFFF"
    },
    {
    "type": "WaveEffect",
    "lifetime": 35,
    "sizeFrom": 0,
    "sizeTo": 100,
    "strokeFrom": 7,
    "strokeTo": 0,
    "colorFrom": "A9D8FFFF",
    "colorTo": "A9D8FFFF"
    },
    {
    "type": "WaveEffect",
    "lifetime": 45,
    "sizeFrom": 0,
    "sizeTo": 200,
    "interp": "pow10Out",
    "strokeFrom": 18,
    "strokeTo": 0,
    "colorFrom": "A9D8FFFF",
    "colorTo": "A9D8FFFF"
}
]
},
    "frontColor": "ffffFFFF",
    "backColor": "66B1FFFF",
	"fragBullets": 14,
	"fragLifeMin": 0.2,
	"fragBullet": {
    "type": "basicBulletType",
    "sprite": "exogenesis-energy-partical",
    "hitEffect": {
    "type": "ParticleEffect",
    "line": true,
    "particles": 8,
    "lifetime": 26,
    "length": 35,
    "cone": -40,
    "lenFrom": 6,
    "lenTo": 6,
    "colorFrom": "A9D8FFFF",
    "colorTo": "66B1FFFF"    
    },
    "despawnEffect": {
    "type": "ParticleEffect",
    "particles": 1,
    "lifetime": 40,
    "length": 0,
    "interp": "swingIn",
    "spin": 7,
    "region": "exogenesis-energy-partical-back",
    "sizeFrom": 20,
    "sizeTo": 0,
    "colorFrom": "A9D8FFFF",
    "colorTo": "66B1FFFF"   
    },
    "homingPower": 0.07,
    "homingRange": 70,
    "homingDelay": 8,
    "trailColor": "66B1FFAA",
    "trailLength": 8,
    "trailWidth": 2,
    "lifetime": 60,
    "damage": 80,
    "statusDuration": 90,
    "status": "freezing",
    "speed": 6,
    "width": 27,
    "height": 27,
    "backColor": "66B1FFAA",
    "frontColor": "A9D8FFFF"
    }
}
    },
    {
"name": "eros-secondary",
  "x": 0,
  "y": 0,
  "rotate": false,
  "mirror": false,
  "reload": 800,
  "shootSound": "none",
"shoot": {
 "type": "ShootHelix",
 "shots": 4,
  "scl": 11, 
  "mag": 1.9,
 "firstShotDelay": 160
},
     "bullet": { 
    "type": "EmpBulletType",
    "width": 22,
    "height": 22,
   "sprite": "exogenesis-plasma",
    "frontColor": "FFFFFF",
    "backColor": "66B1FFFF",
    "lifetime": 120,
    "speed": 5,
    "damage": 600,
     "trailRotation": true,
    "shrinkY": 0,
    "shrinkX": 0,
    "radius": 60,
    "hitPowerEffect": {
    "type": "ParticleEffect",
    "line": true,
    "particles": 6,
    "lifetime": 22,
    "length": 80,
    "cone": -360,
    "lenFrom": 6,
    "lenTo": 6,
    "colorFrom": "FFFFFFF",
    "colorTo": "A9D8FFFF"
    },
    "hitColor": "A9D8FFFF",
    "timeIncrease": 0.5,
    "powerDamageScl": 0.56,
    "powerSclDecrease": 0.1,
    "unitDamageScl": 0.56,
    "despawnHit": true,
    "hitEffect": {
    "type": "ParticleEffect",
    "line": true,
    "particles": 7,
    "lifetime": 20,
    "offset": 50,
    "length": 85,
    "cone": -360,
    "lenFrom": 6,
    "lenTo": 0,
    "colorFrom": "A9D8FFFF",
    "colorTo": "66B1FFFF"
    },
    "trailColor": "66B1FFFF",
    "trailLength": 18,
    "trailWidth": 4.5,
    "status": "exogenesis-high-energy-blast",
    "statusDuration": 150,
    }
    },
	 {
 "name": "added",
  "x": 0,
  "y": 1,
  "mirror": false,
  "top": false,
  "velocityRnd": 0.4,
  "inaccuracy": 360,
  "reload": 800,
  "shoot": {
 "firstShotDelay": 160,
"shots": 28
},
  "soundPitchMin": 1,
    "chargeSound": "none",
    "shootSound": "laserblast",
    "bullet": {
    "keepVelocity": false,
    "shootEffect": "none",
    "type": "EmpBulletType",
    "hitEffect": {
    "type": "multiEffect",
    "effects": [
    {
   "type": "WaveEffect",
    "lifetime": 25,
    "sizeFrom": 0,
    "sizeTo": 20,
    "strokeFrom": 3.5,
    "strokeTo": 0,
    "colorFrom": "A9D8FFFF",
    "colorTo": "66B1FFFF"
    },
    {
    "type": "ParticleEffect",
    "particles": 1,
    "sizeFrom": 25,
    "sizeTo": 0,
    "length": 0,
    "lightColor": "73FFAEFF",
    "lifetime": 30,
    "layer": 109,
    "region": "exogenesis-star",
    "colorFrom": "A9D8FFFF",
    "colorTo": "66B1FFFF"
    },
    {
    "type": "ParticleEffect",
    "particles": 1,
    "sizeFrom": 10,
    "sizeTo": 0,
    "length": 0,
    "lightColor": "73FFAEFF",
    "lifetime": 30,
    "layer": 109,
    "region": "exogenesis-star",
    "colorFrom": "FFFFFFF",
    "colorTo": "FFFFFFF"
    }
    ]
    },
    "spin": 3,
    "sprite": "exogenesis-energy-partical",
    "trailColor": "66B1FFFF",
    "trailEffect": "none",
    "trailLength": 16,
    "trailWidth": 2,
    "hitPowerEffect": "none",
    "chainEffect": "none",
    "applyEffect": "none",
    "splashDamage": 30,
    "splashDamageRadius": 10,
    "weaveScale": 4,			
    "weaveMag": 4,
    "homingPower": 0.07,
    "homingDelay": 40,
    "homingRange": 200,
    "damage": 120,
    "shrinkY": 0,
    "shrinkX": 0,
    "radius": 80,
    "timeIncrease": 0,
    "powerDamageScl": 0.001,
    "powerSclDecrease": 0.001,
    "unitDamageScl": 0.9,
    "status": "blasted",
    "statusDuration": 100,
    "lightColor": "66B1FFFF",
    "speed": 4.5,
    "lifetime": 120,
    "width": 35,
    "height": 35,
    "backColor": "66B1FFAA",
    "frontColor": "A9D8FFFF"
    }
    }
    ],
    "abilities": [
    {
    "type": "mindustry.entities.abilities.ForceFieldAbility",
    "radius": 180,
    "regen": 15,
    "max": 10000,
    "cooldown": 360
    },
    {
    "type": "EnergyFieldAbility",
    "statusDuration": 100,
    "shootSound": "none",
    "healEffect": {
    "type": "WaveEffect",
    "lifetime": 20,
    "sizeFrom": 0,
    "sizeTo": 13,
    "sides": 4,
    "strokeFrom": 8,
    "strokeTo": 0,
    "colorFrom": "A9D8FFFF",
    "colorTo": "66B1FFFF"
    },
    "color": "66B1FFFF",
    "maxTargets": 60,
    "healPercent": 1,
    "damage": 80,
    "range": 180,
    "sectors": 3,
    "y": 1,
    "blinkScl": 80,
    "rotateSpeed": 3,
    "hitBuildings": true,
    "sectorRad": 0.18,
    "effectRadius": 3.6,
    "reload": 50,
    "status": "none"
    }
  ]
}
