{
    "research": {
    "parent": "b05-centauri",
    "requirements": [
     "astrolite/4220",
    "plastanium/940",
    "omega-blue/4850",
    "osmium/3240",
    "silicon/5300"
    ]
    },
    "singleTarget": true,
    "faceTarget": false,
    "outlineColor": "36363c",
    "drawShields": false,
    "speed": 0.75,
    "accel": 0.2,
    "drag": 0.2,
    "rotateSpeed": 1.4,
    "flying": true,
 "engineColor": "A9D8FFFF",
    "health": 82400,
    "hitSize": 74,
    "armor": 20,
    "engineOffset": 68,
"engines": [
  {
    "x": -19,
    "y": -60,
   "radius": 7
  },
  {
    "x": 19,
    "y": -60,
   "radius": 7
  }
],
    "range": 180,
    "maxRange": 180,
    "aimDst": 140,
    "engineSize": 6,
	"weapons": [
	   {
  "name": "starshooter-mount",
    "x": 34,
    "y": -5,
    "rotationLimit": 45,
  "smoothReloadSpeed": 0.15,
  "shootWarmupSpeed": 0.05,
  "minWarmup": 0.9,
    "shootY": 2,
    "rotateSpeed": 4,
    "reload": 100,
    "recoil": 2,
"shoot": {
"type": "shootPattern",
    "shots": 8,
    "shotDelay": 3,
},
  "layerOffset": -0.001,
    "inaccuracy": 8,
    "shootSound": "bolt",
    "mirror": true,
    "alternate": true,
    "rotate": true,
   "parts": [
         {
         "type": "RegionPart",
          "suffix": "-blade",
          "mirror": true,   
          "moveRot": -13,
          "progress": {
          "type": "warmup",
          "op": "blend",
          "other": "reload",
          "amount": 0.75
          }
          }
],
    "bullet": {
      "type": "basicBulletType",
     "spawnUnit": "exogenesis-starlit-missile"
    }
  },
	   {
  "name": "starshooter-mount",
    "x": 48,
    "y": -22,
    "rotationLimit": 45,
  "smoothReloadSpeed": 0.15,
  "shootWarmupSpeed": 0.05,
  "minWarmup": 0.9,
    "shootY": 2,
    "rotateSpeed": 4,
    "reload": 100,
    "recoil": 2,
"shoot": {
"type": "shootPattern",
    "shots": 8,
    "shotDelay": 3,
},
  "layerOffset": -0.001,
    "inaccuracy": 8,
    "shootSound": "plasmaboom",
    "mirror": true,
    "alternate": true,
    "rotate": true,
   "parts": [
         {
         "type": "RegionPart",
          "suffix": "-blade",
          "mirror": true,   
          "moveRot": -13,
          "progress": {
          "type": "warmup",
          "op": "blend",
          "other": "reload",
          "amount": 0.75
          }
          }
],
    "bullet": {
      "type": "basicBulletType",
     "spawnUnit": "exogenesis-starlit-missile"
    }
            }
        ]
}
