{
  "type": "GenericCrafter",
  "name": "Copper Exchange Station",
  "description": "Exchange Station that exchanges copper for gold.",
  "size": 2,
  "hasItems": true,
  "craftTime": 30,
  "itemCapacity": 320,
  "craftEffect": "smeltsmoke",
  "updateEffect": "smeltsmoke",
  "consumes": {
    "items": {
      "items": [
        {
          "item": "copper",
          "amount": 32
        }
      ]
    }
  },
  "requirements": [
    {
      "item": "copper",
      "amount": 150
    },
    {
      "item": "lead",
      "amount": 40
    }
  ],
  "category": "effect",
  "research": "mod-gate-effect",
  "outputItem": {
    "item": "gold",
    "amount": 1
  }
}
