{
    "type": "Reconstructor",
    "name": "Heavy Upgrader",
    "description": "Upgrades heavy units from the Fading Revelations mod.",
    "health": 2000,
    "size": 7,
  "liquidCapacity": 400,
    "constructTime": 20000,
    "upgrades": [
        ["king", "king-t2"]
    ],
    "consumes": {
        "power": 22,
      "liquid": {
        "liquid": "cryofluid",
        "amount": 1.5
      },
        "items": {
            "items": [
                {
                    "item": "silicon",
                    "amount": 2000
                },
		{
                  	"item": "living-steel-hard",
                  	"amount": 600
                },
                {
                    "item": "plastanium",
                    "amount": 1200
		},
                {
                    "item": "phase-fabric",
                    "amount": 700
		},
		{
			"item": "surge-alloy",
			"amount": 1000
		}
            ]
        }
    },
    "requirements": [
        {
            "item": "copper",
            "amount": 4500
		    }
        {
            "item": "lead",
            "amount": 4050
        },
        {
            "item": "titanium",
            "amount": 2700
        },
        {
            "item": "phase-fabric",
            "amount": 1350
		    },
{
  "item": "surge-alloy",
  "amount": 900
}
    ],
    "category": "units",
    "research": "interceptor-reconstructor"
 }
