{
    "type": "Reconstructor",
    "name": "Interceptor Reconstructor",
    "description": "Upgrades interceptor units from the Mindustry Extended mod to their 3rd tier.",
    "health": 1680,
    "size": 5,
    "constructTime": 6000,
    "upgrades": [
        ["close-range","kestrel"],
        ["sapling", "plant"]
    ],
    "consumes": {
        "power": 2.8,
        "items": {
            "items": [
              {"item": "lead", "amount": 1000}
              {
                "item": "silicon",
                "amount": 750
              }
                {
                    "item": "titanium",
                    "amount": 500
                },
                {
                  "item": "thorium",
                  "amount": 200
                }
            ]
        }
    },
    "requirements": [
        {
            "item": "copper",
            "amount": 2000
		    }
        {
            "item": "lead",
            "amount": 1800
        },
{
  "item": "graphite",
  "amount": 1500
},
{
  "item": "silicon",
  "amount": 1200
}
        {
            "item": "titanium",
            "amount": 1000
        },
{
  "item": "thorium",
  "amount": 600
}
    ],
    "category": "units",
    "research": "interceptor-upgrader"
 }
