{
    "type": "Reconstructor",
    "name": "Interceptor Upgrader",
    "description": "Upgrades interceptor units from the Mindustry Extended mod.",
    "health": 950,
    "size": 3,
    "constructTime": 600,
    "upgrades": [
        ["lancer-drone","close-range"],
        ["seed", "sapling"]
    ],
    "consumes": {
        "power": 0.8,
        "items": {
            "items": [
              {
                "item": "lead",
                "amount": 500
              }
              {
                "item": "silicon",
                "amount": 100
              }
                {
                    "item": "titanium",
                    "amount": 50
                }
            ]
        }
    },
    "requirements": [
        {
            "item": "copper",
            "amount": 300
		}
        {
            "item": "lead",
            "amount": 200
        },
        {
            "item": "titanium",
            "amount": 150
        }
    ],
    "category": "units",
    "research": "mod-gate-factories"
 }
