{
  "type": "Reconstructor",
  "name": "Support Refabricator",
  "description": "Creates medium sized support units.",
  "envDisabled": 0,
  "constructTime": 2400,
  "size": 3,
  "consumes": {
    "power": 2.5,
    "liquid": "hydrogen/0.05",
    "items": {
      "items": [
        "tungsten/40",
        "silicon/60"
      ]
    }
  },
  "upgrades": [
    ["polio", "cyano"] 
  ],
  "requirements": [
    {
      "item": "beryllium",
      "amount": 200
    },
    {
      "item": "silicon",
      "amount": 150
    },
    {
      "item": "tungsten",
      "amount": 100
    },
    {
      "item": "oxide",
      "amount": 40
    }
  ],
  "category": "units",
  "research": "support-fabricator"
}
