{
  "type": "Reconstructor",
  "name": "Support Assembler",
  "description": "Creates large support units.",
  "envDisabled": 0,
  "size": 5,
  "constructTime": 3600
  "consumes": {
    "power": 3,
    "liquid": "cyanogen/0.1",
    "items": {
      "items": [
        "beryllium/220",
        "silicon/180",
        "tungsten/90",
        "oxide/80"
      ]
    }
  },
  "upgrades": [
    ["cyano", "melano"]
  ],
  "requirements": [
    {
      "item": "thorium",
      "amount": 400
    },
    {
      "item": "silicon",
      "amount": 800
    },
    {
      "item": "tungsten",
      "amount": 500
    },
    {
      "item": "oxide",
      "amount": 200
    },
    {
      "item": "carbide",
      "amount": 100
    }
  ],
  "category": "units",
  "research": "support-refabricator"
}
