{
  "type": "Conveyor",
  "name": "Surge alloy conveyor",
  "description": "A very fast conveyor.",
  "details": "you hear a faint Speeeeeeedwagggoooooooon in the distance.",
  "health": 350,
  "requirements": [
    {
      "item": "copper",
      "amount": 1
    },
    {
      "item": "lead",
      "amount": 1
    },
    {
      "item": "titanium",
      "amount": 1
    },
    {
      "item": "surge-alloy",
      "amount": 1
    }
  ],
  "category": "distribution",
  "speed": 0.3,
  "research": "mod-gate-distribution"
}
