{
    "type": "PowerTurret",
    "squareSprite": false,
    "outlineColor": "36363CFF",
    "size": 8,
    "health": 8660,
    "reload": 300,
    "range": 1000,
    "recoil": 5,
    "moveWhileCharging": false,
    "rotateSpeed": 0.8,
    "shootSound": "shootSmite",
    "drawer": {
    "type": "drawTurret",
    "basePrefix": "genesux-"
    },
   	"consumes" : {
	"power": 67
    },
    "chargeSound": "lasercharge",
    "shoot": {
    "firstShotDelay": 80
    },
	"shootType": {
    "type": "BasicBulletType",
    "sprite": "exogenesis-starenergy-bullet",
	"chargeEffect": {
	"type": "MultiEffect",
    "lifetime": 80,
    "effects": [
    {
    "type": "ParticleEffect",
    "particles": 1,
    "sizeFrom": 2,
    "sizeTo": 38,
    "length": 0,
    "spin": 11,
    "lifetime": 80,
    "layer": 109,
    "region": "exogenesis-star",
    "colorFrom": "66B1FFFF",
    "colorTo": "66B1FFFF",
    "cone": 360
    },
    {
    "type": "ParticleEffect",
    "lightOpacity": 0,
    "length": 0,
    "sizeFrom": 2,
    "sizeTo": 30,
    "region": "exogenesis-wide-thin",
    "particles": 1,
    "lifetime": 80,
    "colorFrom": "66B1FFFF",
    "colorTo": "66B1FFFF",
    "spin": 6.5
    },
    {
    "type": "ParticleEffect",
    "lightOpacity": 0,
    "length": 0,
    "sizeFrom": 2,
    "sizeTo": 40,
    "region": "exogenesis-tall-thin",
    "particles": 1,
    "lifetime": 80,
    "colorFrom": "66B1FFFF",
    "colorTo": "66B1FFFF",
    "spin": -6.5
    },
    {
    "type": "WaveEffect",
    "lifetime": 70,
    "sizeFrom": 90,
    "sizeTo": 0,
    "interp": "pow5In",
    "strokeFrom": 0,
    "strokeTo": 8,
    "lightColor": "A9D8FFFF",
    "colorFrom": "A9D8FFFF",
    "colorTo": "66B1FFFF"
    },
    {
    "type": "WaveEffect",
    "lifetime": 70,
    "sizeFrom": 70,
    "sizeTo": 0,
    "interp": "pow5In",
    "strokeFrom": 0,
    "strokeTo": 8,
    "lightColor": "A9D8FFFF",
    "colorFrom": "A9D8FFFF",
    "colorTo": "66B1FFFF"
    }
    ]
	},
        "absorbable": false,
        "shrinkY": 0,
        "shrinkX": 0,
        "spin": 8,
        "speed": 10,
        "damage": 2000,
	"buildingDamageMultiplier": 0.3
        "lifetime": 104,
	"lightningColor": "A9D8FFFF",
	"lightning": 8,
        "lightningLengthRand": 6,
        "lightningLength": 15,
	"lightningDamage": 70,
        "status": "exogenesis-high-energy-blast",
        "statusDuration": 300,
        "height": 38,
        "width": 38,
        "trailColor": "66B1FFFF",
        "trailParam": 5,
        "trailLength": 18,
        "trailWidth": 5,
        "trailInterval": 10,
        "trailRotation": true,
        "trailEffect": "none",
        "hitEffect": {
        "type": "multiEffect",
        "effects": [
        {
        "type": "ParticleEffect",
        "particles": 1,
        "sizeFrom": 55,
        "sizeTo": 0,
        "length": 0,
        "spin": 4,
        "interp": "swing",
        "lifetime": 60,
        "region": "exogenesis-star",
        "lightColor": "A9D8FFFF",
        "colorFrom": "A9D8FFFF",
        "colorTo": "66B1FFFF"
        },
        {
        "type": "ParticleEffect",
        "particles": 1,
        "sizeFrom": 25,
        "sizeTo": 0,
        "length": 0,
        "spin": 4,
        "interp": "swing",
        "lifetime": 60,
        "region": "exogenesis-star",
        "lightColor": "A9D8FFFF",
        "colorFrom": "FFFFFFFF",
        "colorTo": "FFFFFFFF"
        },
        {
        "type": "ParticleEffect",
        "particles": 1,
        "sizeFrom": 55,
        "sizeTo": 0,
        "length": 0,
        "lightColor": "73FFAEFF",
        "spin": 1,
        "sizeInterp": "swing",
        "interp": "pow10Out",
        "lifetime": 70,
        "layer": 109,
        "region": "exogenesis-star",
        "colorFrom": "A9D8FFFF",
        "colorTo": "66B1FFFF"
        },
        {
        "type": "WaveEffect",
        "lifetime": 20,
        "sizeFrom": 0,
        "sizeTo": 175,
        "strokeFrom": 8,
        "strokeTo": 0,
        "lightColor": "A9D8FFFF",
        "colorFrom": "A9D8FFFF",
        "colorTo": "66B1FFFF"
        },
        {
        "type": "WaveEffect",
        "lifetime": 20,
        "sizeFrom": 0,
        "sizeTo": 125,
        "strokeFrom": 8,
        "strokeTo": 0,
        "lightColor": "A9D8FFFF",
        "colorFrom": "A9D8FFFF",
        "colorTo": "66B1FFFF"
        },
        {
        "type": "ParticleEffect",
        "lightOpacity": 0,
        "particles": 30,
        "length": 140,
        "baseLength": 10,
        "lifetime": 160,
        "interp": "circleOut",
        "sizeInterp": "pow10Out",
        "layer": 106,
        "sizeFrom": 27,
        "sizeTo": 16,
        "colorFrom": "3D3D3DFF",
        "colorTo": "3D3D3D10"
        },
        {
        "type": "ParticleEffect",
        "lightOpacity": 0,
        "particles": 10,
        "length": 140,
        "baseLength": 10,
        "lifetime": 160,
        "interp": "circleOut",
        "sizeInterp": "pow10Out",
        "layer": 106,
        "sizeFrom": 27,
        "sizeTo": 16,
        "colorFrom": "A9D8FFFF",
        "colorTo": "66B1FF10"
        },
        {
        "type": "ParticleEffect",
        "line": true,
        "particles": 11,
        "lifetime": 40,
        "length": 85,
        "baseLength": 20,
        "cone": -360,
        "strokeFrom": 6,
        "strokeTo": 0,
        "lenFrom": 7,
        "lenTo": 0,
        "colorFrom": "A9D8FFFF",
        "colorTo": "66B1FFFF"
        }
        ]
        },
        "despawnEffect": {
        "type": "multiEffect",
        "effects": [
        {
        "type": "ParticleEffect",
        "particles": 1,
        "sizeFrom": 55,
        "sizeTo": 0,
        "length": 0,
        "spin": 4,
        "interp": "swing",
        "lifetime": 60,
        "region": "exogenesis-star",
        "lightColor": "A9D8FFFF",
        "colorFrom": "A9D8FFFF",
        "colorTo": "66B1FFFF"
        },
        {
        "type": "ParticleEffect",
        "particles": 1,
        "sizeFrom": 25,
        "sizeTo": 0,
        "length": 0,
        "spin": 4,
        "interp": "swing",
        "lifetime": 60,
        "region": "exogenesis-star",
        "lightColor": "A9D8FFFF",
        "colorFrom": "FFFFFFFF",
        "colorTo": "FFFFFFFF"
        },
        {
        "type": "ParticleEffect",
        "particles": 1,
        "sizeFrom": 55,
        "sizeTo": 0,
        "length": 0,
        "lightColor": "73FFAEFF",
        "spin": 1,
        "sizeInterp": "swing",
        "interp": "pow10Out",
        "lifetime": 70,
        "layer": 109,
        "region": "exogenesis-star",
        "colorFrom": "A9D8FFFF",
        "colorTo": "66B1FFFF"
        },
        {
        "type": "WaveEffect",
        "lifetime": 20,
        "sizeFrom": 0,
        "sizeTo": 175,
        "strokeFrom": 8,
        "strokeTo": 0,
        "lightColor": "A9D8FFFF",
        "colorFrom": "A9D8FFFF",
        "colorTo": "66B1FFFF"
        },
        {
        "type": "WaveEffect",
        "lifetime": 20,
        "sizeFrom": 0,
        "sizeTo": 125,
        "strokeFrom": 8,
        "strokeTo": 0,
        "lightColor": "A9D8FFFF",
        "colorFrom": "A9D8FFFF",
        "colorTo": "66B1FFFF"
        },
        {
        "type": "ParticleEffect",
        "lightOpacity": 0,
        "particles": 30,
        "length": 140,
        "baseLength": 10,
        "lifetime": 160,
        "interp": "circleOut",
        "sizeInterp": "pow10Out",
        "layer": 106,
        "sizeFrom": 27,
        "sizeTo": 16,
        "colorFrom": "3D3D3DFF",
        "colorTo": "3D3D3D10"
        },
        {
        "type": "ParticleEffect",
        "lightOpacity": 0,
        "particles": 10,
        "length": 140,
        "baseLength": 10,
        "lifetime": 160,
        "interp": "circleOut",
        "sizeInterp": "pow10Out",
        "layer": 106,
        "sizeFrom": 27,
        "sizeTo": 16,
        "colorFrom": "A9D8FFFF",
        "colorTo": "66B1FF10"
        },
        {
        "type": "ParticleEffect",
        "line": true,
        "particles": 11,
        "lifetime": 40,
        "length": 85,
        "baseLength": 20,
        "cone": -360,
        "strokeFrom": 6,
        "strokeTo": 0,
        "lenFrom": 7,
        "lenTo": 0,
        "colorFrom": "A9D8FFFF",
        "colorTo": "66B1FFFF"
        }
        ]
        },
        "frontColor": "A9D8FFFF",
        "backColor": "66B1FFFF",
        "fragBullets":12,
        "fragLifeMin": 0.8,
        "fragBullet": {
        "type": "BasicBulletType",
        "sprite": "exogenesis-gauss-bullet",
        "absorbable": false,
        "shrinkY": 0,
        "shrinkX": 0,
        "speed": 5,
        "pierce": true,
        "pierceBuilding": true,
        "lifetime": 90,
        "damage": 300,
        "height": 15,
        "width": 15,
      	"homingPower": 0.0756,
	    "homingRange": 140,
	    "trailLength": 16,
   	    "trailWidth": 4,
	    "trailParam": 5,
	    "trailColor": "66B1FFFF",
        "trailEffect": "none",
        "hitEffect": {
        "type": "multiEffect",
        "effects": [
        {
        "type": "ParticleEffect",
        "particles": 1,
        "sizeFrom": 16,
        "sizeTo": 0,
        "length": 0,
        "spin": 3,
        "interp": "swing",
        "lifetime": 80,
        "region": "exogenesis-star",
        "lightColor": "A9D8FFFF",
        "colorFrom": "A9D8FFFF",
        "colorTo": "66B1FFFF"
        },
        {
        "type": "ParticleEffect",
        "line": true,
        "particles": 7,
        "lifetime": 15,
        "length": 45,
        "cone": -360,
        "strokeFrom": 3,
        "strokeTo": 0,
        "lenFrom": 7,
        "lenTo": 0,
        "colorFrom": "A9D8FFFF",
        "colorTo": "66B1FFFF"
        }
        ]
        },
        "despawnEffect": {
        "type": "multiEffect",
        "effects": [
        {
        "type": "ParticleEffect",
        "particles": 1,
        "sizeFrom": 16,
        "sizeTo": 0,
        "length": 0,
        "spin": 3,
        "interp": "swing",
        "lifetime": 80,
        "region": "exogenesis-star",
        "lightColor": "A9D8FFFF",
        "colorFrom": "A9D8FFFF",
        "colorTo": "66B1FFFF"
        },
        {
        "type": "ParticleEffect",
        "line": true,
        "particles": 7,
        "lifetime": 15,
        "length": 45,
        "cone": -360,
        "strokeFrom": 3,
        "strokeTo": 0,
        "lenFrom": 7,
        "lenTo": 0,
        "colorFrom": "A9D8FFFF",
        "colorTo": "66B1FFFF"
        }
        ]
        },
        "frontColor": "A9D8FFFF",
        "backColor": "66B1FFFF"
        }
        },
        "requirements": [
        "stellar-steel/800",
        "silicon/800",
        "osmium/600",
        "terrilium/1000",
        "siratla-diamond/2000"
    ],
    "category": "turret",
    "research": "c-polaris"
}
