{
	"type": "PowerTurret",
	"size": 4,
	"health": 880,
	"reload": 10,
	"range": 200,
 "consumes" : {
		"power": 20
		},
	"inaccuracy": 2,
   "shoot": {
    "type": "shootAlternate",
"spread": 17
	},
    "drawer": {
    "type": "drawTurret",
    "basePrefix": "quantra-"
    },     
	"shootEffect": {
    "type": "ParticleEffect",
    "line": true,
    "particles": 5,
    "lifetime": 10,
    "length": 35,
    "cone": -360,
    "lenFrom": 5,
    "lenTo": 0,
    "colorFrom": "73FFAEFF",
    "colorTo": "57D993FF"
	},
	"recoil" : 1.5,
	"rotateSpeed": 3,
	
	"shootSound" : "blaster",
	"hasPower" : true,
	"shootType": {
	"type" : "BasicBulletType",
	"sprite" : "exogenesis-armored-bullet",
	"status": "corroded",
	"damage": 50,
	"height" : 18,
  "trailColor": "73FFAEFF",
  "trailLength": 10,
  "trailWidth": 2,
	"width" : 13,
	"hitSize": 10,
	"speed": 4,
	"lifetime" : 50,
	"shrinkX": 0,
	"shrinkY": 0,
	"hitEffect": {
    "type": "ParticleEffect",
    "line": true,
    "particles": 7,
    "lifetime": 15,
    "length": 35,
    "cone": -360,
    "lenFrom": 6,
    "lenTo": 0,
    "colorFrom": "73FFAEFF",
    "colorTo": "73FFAEFF"
	},
	"despawnEffect": {
    "type": "ParticleEffect",
    "line": true,
    "particles": 7,
    "lifetime": 15,
    "length": 35,
    "cone": -360,
    "lenFrom": 6,
    "lenTo": 0,
    "colorFrom": "73FFAEFF",
    "colorTo": "73FFAEFF"
	},
	"pierce": true,
	"frontColor": "FFFFFFF",
	"backColor": "73FFAEFF"
		
	},

	"requirements": [
		 "thorium/700",
		 "valvanite/400",
		 "plastanium/350",
		 "titanium/400",
		 "silicon/440"
	],
	"category": "turret",
	"research": "g-discharge"
}
