{
"type": "PowerTurret",
"size": 4,
"health": 1000,
"range": 240,
"reload": 17,
"shootSound": "laser",
"rotateSpeed": 4,
"shake": 1.5,
"heatColor": "5B4CB0FF",
"recoil": 2,
    "drawer": {
    "type": "drawTurret",
    "basePrefix": "elecian-"
    },
"shoot": {
"type": "shootAlternate",
   "shots": 1,
"spread": 9
},
 "consumes" : {
		"power": 7
		},
"shootType": {
  "type": "LaserBulletType",
    "colors":["ECD36FAA", "F3E979FF", "FFFFFF"],
  "length": 240,
  "width": 20,
  "damage": 125,
  "collidesTiles": true,
  "lightColor": "F3E979FF",
  "lightRadius": 10,
  "shootEffect": "shootHealYellow",
  "smokeEffect": "lancerLaserShootSmoke",
  "sideAngle": 15,
  "sideWidth": 0,
  "sideLength": 0
  },
    "requirements": [
        "oltuxium/450",
        "thorium/400",
        "osmium/800",
        "surge-alloy/340",
        "silicon/600",
        "copper/430"
    ],
    "category": "turret",
    "research": "y-ionic-pinpointer"
}
