{
	"type": "PowerTurret",
	"size": 4,
	"health": 3180,
	"reload": 140,
	"range": 280,
	"inaccuracy": 4,
	"targetAir" : false, 
	"shootCone" : 2,
	"recoil" : 1.5,
	"rotateSpeed": 8,
	"shootSound" : "railgun",
    "drawer": {
    "type": "drawTurret",
    "basePrefix": "elecian-"
    },
"shoot": {
"type": "shootPattern",
   "shots": 3,
"shotDelay": 3
},

   "consumes" : {
		"power": 18
		},
    "hasPower" : true,
    "shootType" : {
	"type" : "pointBulletType",
	"damage": 200,
	"lightning": 5,
	"lightningLength": 10,
	"lightningDamage": 35,
	"speed": 240,
	"trailSpacing": 15,
	"collidesTiles" : true,
	"buildingDamageMultiplier": 0.1,
	"trailEffect": { 
    "type": "ParticleEffect",
    "particles": 1,
    "length": 0,
    "lifetime": 35,
    "sizeFrom": 20,
    "region": "exogenesis-wide",
    "colorFrom": "F3E979FF",
    "colorTo": "FFDA45FF"
	        },
	"despawnEffect": {
    "type": "WaveEffect",
    "lifetime": 15,
    "sizeFrom": 0,
    "sizeTo": 45,
    "strokeFrom": 4,
    "strokeTo": 0,
    "colorFrom": "F3E979FF",
    "colorTo": "FFDA45FF"
	        },
	"hitEffect": {
    "type": "WaveEffect",
    "lifetime": 15,
    "sizeFrom": 0,
    "sizeTo": 45,
    "strokeFrom": 4,
    "strokeTo": 0,
    "colorFrom": "F3E979FF",
    "colorTo": "FFDA45FF"
	}
	},
	"requirements": [
        "copper/750",
        "osmium/500",
        "plastanium/460",
        "oltuxium/700",
        "silicon/800"
	],
	"category": "turret",
	"research": "y-vanguard"
}
