{
  "type": "GenericCrafter",
  "name": "Coal Trading Station",
  "description": "Exchange Station that exchanges gold for coal.",
  "size": 2,
  "hasItems": true,
  "craftTime": 120,
  "itemCapacity": 64,
  "craftEffect": "smeltsmoke",
  "updateEffect": "smeltsmoke",
  "consumes": {
    "power": 2,
    "items": {
      "items": [
        {
          "item": "gold",
          "amount": 1
        }
      ]
    }
  },
  "requirements": [
    {
      "item": "copper",
      "amount": 150
    },
    {
      "item": "lead",
      "amount": 40
    },
    {
      "item": "coal",
      "amount": 20
    }
  ],
  "category": "effect",
  "research": "spore-pod-trading-station",
  "outputItem": {
    "item": "coal",
    "amount": 8
  }
}
