{
  "type": "GenericCrafter",
  "name": "Plastanium Trading Station",
  "description": "Exchange Station that exchanges gold for plastanium.",
  "size": 2,
  "hasItems": true,
  "craftTime": 120,
  "itemCapacity": 64,
  "craftEffect": "smeltsmoke",
  "updateEffect": "smeltsmoke",
  "consumes": {
    "power": 6,
    "items": {
      "items": [
        {
          "item": "gold",
          "amount": 1
        }
      ]
    }
  },
  "requirements": [
    {
      "item": "copper",
      "amount": 150
    },
    {
      "item": "lead",
      "amount": 40
    },
    {
      "item": "plastanium",
      "amount": 20
    }
  ],
  "category": "effect",
  "research": "bc-trading-station",
  "outputItem": {
    "item": "plastanium",
    "amount": 1
  }
}
