{
  "type": "flying",
  "name": "Kestrel",
  "description": "The last unit of the Areus unit tree. Fast and equipped with many energy weapons, this unit will help you to destroy your enemies.",
  "speed": 5,
  "research": {
     "parent": "close-range",
    "requirements": [
      {"item": "lead", "amount": 10000},
      {"item": "silicon", "amount": 7500},
      {"item": "titanium", "amount": 5000},
      {"item": "thorium", "amount": 2000}
      ]
  },
  "flying": true,
  "health": 2000,
  "armor": 6,
  "commandLimit": 12,
  "lowAltitude": true,
  "weapons": [
    {
      "name": "king-main",
      "x": 0,
      "y": -15,
      "range": 240,
      "reload": 240,
      "rotate": false,
      "rotateSpeed": 0,
      "recoilAmount": 6,
      "mirror": false,
      "recoilTime": 200,
      "shootSound": "laserbig",
      "continuous": true,
      "bullet": {
        "type": "ContinuousLaserBulletType",
        "lifetime": 180,
        "fadeTime": 20,
        "colors": ["d06b53", "d18877", "ffa665"],
        "damage": 10,
        "length": 240,
        "makeFire": true,
        "pierceBuilding": false,
        "width": 4,
        "status": "burning"
      }
    },
    {
      "name": "arc-weapon",
      "x": -15,
      "y": 5,
      "range": 160,
      "reload": 1,
      "rotate": true,
      "mirror": false,
      "top": true,
      "rotateSpeed": 6,
      "shootSound": "spark",
      "recoilAmount": 0,
      "recoil": 0,
      "bullet": {
        "type": "LightningBulletType",
        "lightningLength": 35,
        "damage": 10
      }
    },
    {
      "name": "arc-weapon",
      "x": 15,
      "y": 5,
      "range": 160,
      "reload": 1,
      "rotate": true,
      "mirror": false,
      "top": true,
      "shootSound": "spark",
      "rotateSpeed": 6,
      "recoil": 0,
      "recoilAmount": 0,
      "bullet": {
        "type": "LightningBulletType",
        "lightningLength": 35,
        "damage": 10
      }
    },
    {
      "name": "king-heal",
      "x": 0,
      "y": 15,
      "range": 200,
      "rotate": true,
      "rotateSpeed": 4,
      "shootSound": "laser",
      "mirror": false,
      "reload": 120,
      "bullet": {
        "type": "LaserBulletType",
        "colors": ["d06b53", "d18877", "ffa665"],
        "length": 200,
        "damage": 60,
        "makeFire": true,
        "status": "burning",
        "statusDuration": 60
      }
    }
  ],
  "hitSize": 27
}
