{
  "type": "payload",
  "localizedName": "Melano",
  "description": "A large unit specialized in healing and building. Equipped with multiple healing lasers and a healing field. Can mine ores. This tier also has some but limited defensive capabilities. Can carry payload.",
  "health": 1100,
  "hitSize": 26,
  "flying": true,
  "speed": 4,
  "payloadCapacity": 256,
  "vulnerableWithPayload": false,
  "pickupUnits": true,
  "buildSpeed": 3.2,
  "mineSpeed": 6,
  "mineTier": 5,
  "drag": 0.12,
  "accel": 0.1,
  "mineWalls": true,
  "mineFloor": true,
  "mineHardnessScaling": false,
  "envDisabled": 0,
  "lowAltitude": true,
  "itemCapacity": 100,
  "weapons": [
    {
      "type": "RepairBeamWeapon",
      "reload": 20,
      "beamWidth": 2,
      "mirror": true,
      "rotate": false,
      "shootCone": 15,
      "repairSpeed": 0.8,
      "fractionRepairSpeed": 0.07,
      "targetBuildings": true,
      "targetUnits": true,
      "widthSinMag": 0.09,
      "x": -10,
      "y": -15,
      "bullet": {
        "maxRange": 180
      }
    },
    {
      "type": "RepairBeamWeapon",
      "reload": 20,
      "beamWidth": 2,
      "mirror": true,
      "rotate": false,
      "shootCone": 15,
      "repairSpeed": 0.8,
      "fractionRepairSpeed": 0.07,
      "targetBuildings": true,
      "targetUnits": true,
      "widthSinMag": 0.09,
      "x": -20,
      "y": -25,
      "bullet": {
        "maxRange": 180
      }
    },
    {
      "type": "PointDefenseWeapon",
      "range": 120,
      "reload": 60,
      "mirror": false,
      "x": 0,
      "y": 15,
      "rotates": true,
      "autoTarget": true,
      "bullet": {
        "maxRange": 120,
        "damage": 60
      }
    },
    {
      "x": 0,
      "y": 40,
      "mirror": false,
      "reload": 90,
      "top": true,
      "bullet": {
        "type": "BasicBulletType",
        "spin": 1,
        "height": 40,
        "width": 8,
        "damage": 30,
        "speed": 4,
        "lifetime": 160,
        "pierce": true,
        "pierceCap": 6,
        "pierceBuilding": false,
        "buildingDamageMultiplier": 0.5,
        "status": "sapped",
        "makeFire": false,
        "explodeRange": 64,
        "explodeDelay": 30
      }
    }
  ],
  "abilities": [
    {
      "type": "RepairFieldAbility",
      "range": 128,
      "amount": 30,
      "reload": 60,
      "activeEffect": {
        "type": "WaveEffect",
        "colorFrom": "84f491",
        "colorTo": "62ae7f",
        "sizeFrom": 0,
        "sizeTo": 100
      }
    },
    {
      "type": "ForceFieldAbility",
      "radius": 120,
      "max": 900,
      "cooldown": 600,
      "regen": 0.6
    }
  ],
  "research": "support-assembler"
}
