{
  "type": "flying",
  "name": "Sapling",
  "description": "A large support drone with decent health and very high healing capabilities.",
  "abilities": [
    {
      "type": "RepairFieldAbility", 
      "range": 240, 
      "amount": 40, 
      "reload": 60, 
      "activeEffect": {
        "type": "WaveEffect", 
        "sizeFrom": 0, 
        "sizeTo": 120, 
        "colorFrom": "84f491", 
        "colorTo": "62ae7f"
      }
    },
    {
      "type": "StatusFieldAbility", 
      "range": 240, 
      "reload": 180, 
      "activeEffect": {
        "type": "WaveEffect", 
        "sizeFrom": 0, 
        "sizeTo": 60, 
        "colorFrom": "ed9436", 
        "colorTo": "eb7e3c"
      },
      "duration": 120,
      "effect": {
        "name": "me-super-hastened",
        "localizedName": "Super Hastened",
        "speedMultiplier": 2,
        "reloadMultiplier": 1.6,
        "alwaysUnlocked": true
      }
    }
  ],
  "lowAltitude": true,
  "mineSpeed": 3,
  "mineTier": 5,
  "canAttack": false,
  "buildSpeed": 3,
  "canAttack": false,
  "engineColor": "84f491",
  "engineColorInner": "62ae7f",
  "armor": 6,
  "itemCapacity": 60,
  "speed": 1.9,
  "canHeal": true,
  "drawBuildBeam": true,
  "health": 1580,
  "mineHardnessScaling": true,
  "flying": true,
  "controller": "RepairAI",
  "weapons": [
    {
      "name": "nothing",
      "shootSound": "laser",
      "x": 18,
      "y": -10,
      "reload": 30,
      "rotate": true,
      "noAttack": true,
      "bullet": {
        "type": "LaserBulletType",
        "damage": 10,
        "healPercent": 2,
        "length": 260,
        "colors": ["84f491", "ffffff", "62ae7f"]
        "collidesTeam": true,
        "collidesTiles": true,
        "collidesAir": true,
        "collidesBlocks": true,
      }
    },
    {
      "name": "nothing",
      "x": 0,
      "y": 5,
      "mirror": false,
      "reload": 240,
      "rotate": false,
      "continuous": true,
      "shootSound": "laserblast",
      "bullet": {
        "type": "ContinuousLaserBulletType",
        "length": 250,
        "width": 2,
        "damage": 2,
        "lifetime": 60,
        "collidesTeam": true,
        "healPercent": 2,
        "damageInterval": 10,
        "colors": ["84f491", "ffffff", "62ae7f"],
        "fadeTime": 20,
        "status": "sapped",
        "statusDuration": 30,
      }
    }
  ],
  "research": {
    "parent": "sapling",
    "requirements": [
      {"item": "lead", "amount": 10000},
      {"item": "silicon", "amount": 7500},
      {"item": "titanium", "amount": 5000},
      {"item": "thorium", "amount": 2000}
    ]
  }
}
