{
  "type": "flying",
  "localizedName": "Polio",
  "description": "A small unit specialized in healing and building. Equipped with a healing laser.",
  "health": 210,
  "hitSize": 12,
  "speed": 5,
  "flying": true,
  "buildSpeed": 1.2,
  "drag": 0.08,
  "accel": 0.12,
  "envDisabled": 0,
  "lowAltitude": true,
  "itemCapacity": 40,
  "weapons": [
    {
      "type": "RepairBeamWeapon",
      "reload": 20,
      "beamWidth": 0.8,
      "mirror": false,
      "rotate": false,
      "shootCone": 15,
      "repairSpeed": 1.1,
      "fractionRepairSpeed": 0.0125,
      "targetBuildings": true,
      "targetUnits": true,
      "widthSinMag": 0.09,
      "x": 0,
      "y": 0,
      "bullet": {
        "maxRange": 90
      }
    }
  ],
  "research": "support-fabricator"
}
