{
  "type": "flying",
  "name": "Seed",
  "description": "A small support drone with low health.",
  "abilities": [
    {
      "type": "RepairFieldAbility", 
      "range": 40, 
      "amount": 10, 
      "reload": 60, 
      "activeEffect": {
        "type": "WaveEffect", 
        "sizeFrom": 0, 
        "sizeTo": 60, 
        "colorFrom": "84f491", 
        "colorTo": "62ae7f"
      }
    },
  ],
  "mineSpeed": 1.1,
  "mineTier": 1,
  "canAttack": false,
  "buildSpeed": 1.5,
  "canAttack": false,
  "engineColor": "84f491",
  "engineColorInner": "62ae7f",
  "armor": 0,
  "itemCapacity": 30,
  "speed": 1.5,
  "canHeal": true,
  "drawBuildBeam": true,
  "health": 250,
  "mineHardnessScaling": true,
  "flying": true,
  "controller": "RepairAI",
  "weapons": [
    {
      "name": "nothing",
      "mirror": false,
      "shootSound": "laser",
      "x": 0,
      "y": 2,
      "reload": 40,
      "rotate": false,
      "noAttack": true,
      "range": 120,
      "bullet": {
        "type": "LaserBulletType",
        "damage": 5,
        "healPercent": 10,
        "length": 80,
        "colors": ["84f491", "ffffff", "62ae7f"]
        "collidesTeam": true,
        "collidesTiles": true,
        "collidesAir": true,
        "collidesBlocks": true,
      }
    }
  ],
  "research": {
    "parent": "mod-gate-units",
    "requirements": [
      {"item": "lead", "amount": 300},
      {"item": "silicon", "amount": 200}
    ]
  }
}
