{
"type": "StackConveyor",
"loadEffect": {
"type": "ParticleEffect",
"line": true,
"particles": 7,
"lifetime": 15,
"length": 25,
"cone": -360,
"lenFrom": 5,
"lenTo": 0,
"colorFrom": "A9D8FFFF",
"colorTo": "66B1FFFF"
},
"unloadEffect": {
"type": "ParticleEffect",
"line": true,
"particles": 7,
"lifetime": 15,
"length": 25,
"cone": -360,
"lenFrom": 5,
"lenTo": 0,
"colorFrom": "A9D8FFFF",
"colorTo": "66B1FFFF"
},
"health": 300,
"speed": 0.10,
"itemCapacity": 100,
    "requirements": [
        "surge-alloy/3",
        "silicon/10",
        "omega-blue/5"
    ],
"research": "team-genesux",
"category": "distribution"

}
