{
	"type": "ChargeTurret",
	"name": "Shark",
	"description": "lightning fast rate of fire! high damage and a large radius of attack, but the turret is quite fragile, and requires a lot of energy",
	"health": 1500,
	"reload": 8,
	"rotatespeed": 12,
	"powerUse": 4.0,
	"targeAir": true,
	"targeGround": true,
	"range": 130,
	"size": 3,
	"chargeTime": 50,
	"chargeMaxDelay": 30,
	"chargeEffects": 7,
	"shootType": "arc",
	"lightningLength": 23,
	"recoil": 1,
	"cooldown": 2,
	"shootShake": 0.3,
	"chargeEffect": "lancerLaserCharge",
	"chargeBeginEffect": "lancerLaserChargeBegin",
	"heatColor": "ff0000",
	"shootSound": "spark",
	"requirements": [
		{ "item": "silicon", "amount": 35 },
		{ "item": "titanium", "amount": 70 },
		{ "item": "lead", "amount": 150 },
		{ "item": "copper", "amount": 100 },
		{ "item": "tungsten-parts", "amount": 50 }
	],
	"category": "turret",
	"research": "arc"
}