{
  "type": "Separator",
  "name": "Advanced Seperator",
  "description": "An even more advanced Separator. Needs slag and scrap to run. Outputs a lot more items.",
  "size": 4,
  "hasPower": true,
  "solid": true,
  "hasLiquids": true,
  "hasItems": true,
  "liquidCapacity": 60,
  "craftTime": 10,
  "drawer": {
    "type": "DrawMulti",
    "drawers": [
      {
        "type": "DrawDefault" 
      },
      {
        "type": "DrawLiquidRegion",
        "drawLiquid": "slag",
        "suffix": "-liquid"
      },
      {
        "type": "DrawBlurSpin",
        "suffix": "-spinner",
        "rotateSpeed": -5.2
      }
    ]
  }
  "consumes": {
    "power": 5.4,
    "liquid": {
      "liquid": "slag",
      "amount": 0.1
    },
    "items": {
      "items": [
        {
          "item": "scrap",
          "amount": 2
        }
      ]
    }
  },
  "requirements": [
    {
      "item": "lead",
      "amount": 300
    },
    {
      "item": "graphite",
      "amount": 275
    },
    {
      "item": "titanium",
      "amount": 275
    },
    {
      "item": "plastanium",
      "amount": 30
    },
    {
      "item": "phase-fabric",
      "amount": 30
    },
    {
      "item": "surge-alloy",
      "amount": 30
    }
  ],
  "results": [
    {
      "item": "copper",
      "amount": 10
    },
    {
      "item": "lead",
      "amount": 10
    },
    {
      "item": "graphite",
      "amount": 6
    },
    {
      "item": "titanium",
      "amount": 6
    },
    {
      "item": "thorium",
      "amount": 4
    }
  ],
  "category": "crafting",
  "research": "inverted-pulverizer",
  "health": 690
}
