{
  "type": "GenericCrafter",
  "name": "Coal Condenser",
  "description": "Presses Oil to coal.",
  "details": "A lot more effective than the original.",
  "outputItem": {
    "item": "coal",
    "amount": 2
  },
  "health": 440,
  "craftTime": 30,
  "size": 2,
  "hasPower": true,
  "hasLiquids": true,
  "hasItems": true,
  "updateEffect": "smeltsmoke",
  "consumes": {
    "power": 1,
    "liquid": {
      "liquid": "oil",
      "amount": 0.15
    }
  },
  "requirements": [
    {
      "item": "lead",
      "amount": 200
    },
    {
      "item": "graphite",
      "amount": 75
    },
    {
      "item": "silicon",
      "amount": 75
    },
    {
      "item": "titanium",
      "amount": 200
    }
  ],
  "category": "crafting",
  "research": "graphite-forge"
}
