{
  "type": "GenericCrafter",
  "name": "Advanced Cryofluid-Mixer",
  "description": "Mixes water and titanium more efficiently to make a lot of cryofluid.",
  "outputLiquid": {
    "liquid": "cryofluid",
    "amount": 0.4
  },
  "health": 340,
  "itemCapacity": 30,
  "fluidCapacity": 50,
  "size": 2,
  "craftTime": 60,
  "health": 240,
  "hasPower": true,
  "hasLiquids": true,
  "hasItems": true,
  "updateEffect": "smeltsmoke",
  "consumes": {
    "power": 1.7,
    "liquid": {
      "liquid": "water",
      "amount": 0.4
    },
    "items": {
      "items": [
        {
          "item": "titanium",
          "amount": 2
        }
      ]
    }
  },
  "requirements": [

    {
      "item": "graphite",
      "amount": 100
    },
    {
      "item": "silicon",
      "amount": 75
    },
    {
      "item": "titanium",
      "amount": 100
    },
    {
      "item": "thorium",
      "amount": 200
    }
  ],
  "category": "crafting",
  "research": "advanced-water-extractor"
}
