{
  "type": "SolidPump",
  "name": "Advanced Water Extractor",
  "description": "A better version of the water extractor. Needs less power and delivers more water.",
  "health": 320,
  "result": "water",
  "hasPower": true,
  "attribute": "water",
  "hasLiquids": true,
  "size": 3,
  "affinities": ["sand"],
  "pumpAmount": 0.3,
  "consumes": {
    "power": 0.8
  },
  "requirements": [
    {
      "item": "copper",
      "amount": 175
    },
    {
      "item": "lead",
      "amount": 140
    },
    {
      "item": "graphite",
      "amount": 150
    },
    {
      "item": "metaglass",
      "amount": 65
    }
  ],
  "powerUse": 0.8,
  "category": "production",
  "research": "mod-gate-crafters",
  "liquidCapacity": 250
}
