{
  "type": "GenericCrafter",
  "name": "Plastanium Forge",
  "description": "A better plastanium forge that is more cost-efficient.",
  "size": 3,
  "hasPower": true,
  "hasItems": true,
  "hasLiquids": true,
  "updateEffect": "plasticburn",
  "craftEffect": "formsmoke",
  "craftTime": 60,
  "liquidCapacity": 84,
  "drawer": {
    "type": "DrawMulti",
    "drawers": [
      {
        "type": "DrawRegion",
        "suffix": "-bottom"
      },
      {
        "type": "DrawPistons",
        "sinMag": 2
      },
      {
        "type": "DrawDefault" 
      }
    ]
  },
  "consumes": {
    "power": 3.75,
    "items": {
      "items": [
        {
          "item": "titanium",
          "amount": 6
        }
      ]
    },
    "liquid": {
      "liquid": "oil",
      "amount": 0.53
    }
  },
  "requirements": [
    {
      "item": "lead",
      "amount": 160
    },
    {
      "item": "silicon",
      "amount": 160
    },
    {
      "item": "titanium",
      "amount": 140
    },
    {
      "item": "plastanium",
      "amount": 25
    }
  ],
  "category": "crafting",
  "research": "advanced-coal-centrifuge",
  "outputItem": {
    "item": "plastanium",
    "amount": 4
  },
  "health": 600
}
