{
  "type": "GenericCrafter",
  "name": "Enhanced Blast Mixer",
  "description": "A better blast mixer. Gets very hot so it uses graphite for isolation.",
  "size": 3,
  "hasPower": true,
  "hasItems": true,
  "health": 240,
  "hasLiquids": false,
  "craftTime": 85,
  "craftEffect": "plasticExplosion",
  "updateEffect": "pulverizeRed",
  "consumes": {
    "power": 0.6,
    "items": {
      "items": [
        {
          "item": "pyratite",
          "amount": 1
        },
        {
          "item": "spore-pod",
          "amount": 1
        }
      ]
    }
  },
  "requirements": [
    {
      "item": "copper",
      "amount": 300
    },
    {
      "item": "lead",
      "amount": 240
    },
    {
      "item": "graphite",
      "amount": 120
    },
    {
      "item": "titanium",
      "amount": 60
    }
  ],
  "category": "crafting",
  "research": "enhanced-pyratite-mixer",
  "outputItem": {
    "item": "blast-compound",
    "amount": 2
  }
}
