{
  "type": "GenericCrafter",
  "localizedName": "Graphite Forge",
  "description": "A better graphite press that makes Graphite way faster and more efficiently.",
  "category": "crafting",
  "research": "enhanced-blast-mixer",
  "requirements": [
    "lead/160",
    "graphite/75",
    "silicon/45",
    "titanium/140"
  ],
  "craftEffect": "blastExplosion",
  "outputItem": "graphite/4",
  "craftTime": 35,
  "itemCapacity": 40,
  "size": 4,
  "hasItems": true,
  "hasLiquids": true,
  "hasPower": true,
  "consumes": {
    "power": 2.5,
    "items": {
      "items": [
        "coal/3"  
      ]
    },
    "liquid": "water/0.2"
  }
}
