{
  "type": "HeatConductor",
  "localizedName": "Heat Diverter",
  "description": "A small block that is used to redirect heat to other blocks.",
  "requirements": [
    "tungsten/5"  
  ],
  "category": "crafting",
  "research": "electric-heater",
  "researchCostMultiplier": 10,
  "size": 1,
  "drawer": {
    "type": "DrawMulti",
    "drawers": [
      {
        "type": "DrawDefault" 
      },
      {
        "type": "DrawHeatOutput"
      },
      {
        "type": "DrawHeatInput",
        "suffix": "-heat"
      }
    ]
  },
  "regionRotated1": 1
}
