{
  "type": "GenericCrafter",
  "name": "Induced Kiln",
  "description": "A better kiln that is more cost-efficient.",
  "size": 3,
  "hasPower": true,
  "hasItems": true,
  "health": 240,
  "hasLiquids": false,
  "drawer": {
    "type": "DrawMulti",
    "drawers": [
      {
        "type": "DrawDefault" 
      },
      {
        "type": "DrawGlowRegion",
        "suffix": "-top",
        "color": "ffef99",
      },
      {
        "type": "DrawGlowRegion",
        "suffix": "-top2",
        "color": "ffffff", 
      }
    ]
  },
  "craftTime": 45,
  "consumes": {
    "power": 1.1,
    "items": {
      "items": [
        {
          "item": "lead",
          "amount": 2
        },
        {
          "item": "sand",
          "amount": 2
        }
      ]
    }
  },
  "requirements": [
    {
      "item": "copper",
      "amount": 70
    },
    {
      "item": "lead",
      "amount": 60
    },
    {
      "item": "graphite",
      "amount": 20
    },
    {
      "item": "metaglass",
      "amount": 15
    }
  ],
  "category": "crafting",
  "research": "dissolver",
  "outputItem": {
    "item": "metaglass",
    "amount": 4
  },
  "health": 320
}
