{
  "type": "GenericCrafter",
  "name": "Inverted Pulverizer",
  "description": "Pulverizes sand to scrap. Don't ask how but you will be wondering how useful that is!",
  "liquidCapacity": 50,
  "outputItem": "scrap/1",
  "drawer": {
    "type": "DrawMulti",
    "drawers": [
      {
        "type": "DrawDefault" 
      },
      {
        "type": "DrawBlurSpin",
        "suffix": "-spinner",
        "rotateSpeed": -1.5
      }
    ]
  },
  "size": 1,
  "hasPower": true,
  "hasLiquids": false,
  "hasItems": true,
  "craftTime": 50,
  "updateEffect": "pulverizeSmall",
  "consumes": {
    "power": 0.5,
    "items": {
      "items": [
        {
          "item": "sand",
          "amount": 1
        }
      ]
    }
  },
  "requirements": [
    {
      "item": "copper",
      "amount": 30
    },
    {
      "item": "lead",
      "amount": 25
    }
  ],
  "category": "crafting",
  "research": "mod-gate-crafters",
  "idleSound": "respawning",
  "idleSoundVolume": 0.2
}
