{
  "type": "GenericCrafter",
  "name": "Silicon Forge",
  "description": "A better silicon smelter that is more cost-efficient.",
  "size": 3,
  "hasPower": true,
  "hasItems": true,
  "hasLiquids": false,
  "craftTime": 60,
  "itemCapacity": 30,
  "consumes": {
    "power": 1,
    "items": {
      "items": [
        {
          "item": "coal",
          "amount": 2
        },
        {
          "item": "sand",
          "amount": 6
        }
      ]
    }
  },
  "requirements": [
    {
      "item": "copper",
      "amount": 90
    },
    {
      "item": "lead",
      "amount": 75
    },
    {
      "item": "graphite",
      "amount": 25
    },
    {
      "item": "silicon",
      "amount": 15
    }
  ],
  "category": "crafting",
  "research": "spore-crusher",
  "outputItem": {
    "item": "silicon",
    "amount": 4
  },
  "health": 320
}
