{
  "type": "GenericCrafter",
  "name": "Spore Crusher",
  "description": "Creates oil by crushing spore pods.",
  "size": 3,
  "hasPower": true,
  "hasItems": true,
  "hasLiquids": true,
  "itemCapacity": 20,
  "health": 720,
  "liquidCapacity": 120,
  "craftTime": 30,
  "craftEffect": {
     "type": "ParticleEffect",
     "particles": 8,
     "length": 16,
     "colorFrom": "5c5e9f",
    "colorTo": "bf92f9",
    "interp": "circleIn"
  },
  "updateEffect": "none",
  "consumes": {
    "power": 1.6,
    "items": {
      "items": [
        {
          "item": "spore-pod",
          "amount": 2
        }
      ]
    } 
  },
  "requirements": [
    {
      "item": "lead",
      "amount": 80
    },
    {
      "item": "silicon",
      "amount": 70
    }
  ],
  "category": "crafting",
  "research": "greenhouse",
  "outputLiquid": {
    "liquid": "oil",
    "amount": 0.6
  }
}
