{
"name": "Challenge",
"research": {
"parent": "EleFactory",
"requirements": [
"oltuxium/100",
"silicon/200"
]
},
"controller": "SuicideAI",
"type": "mech",
"mechSideSway": 0.25,
"armor": 1,
"speed": 1.6,
"hitSize": 12,
"flying": false,
"health": 90,
"range": 40,
"immunities": [
		"slow"
		],
"weapons": [
  {
  "name": "boom",
    "reload": 24,
    "shootCone": 180,
    "ejectEffect": "none",
    "shootSound": "explosion",
    "bullet": {
    "type": "BombBulletType",
    "lightningColor": "F3E979FF",
    "lightning": 5,
    "lightningDamage": 28,
    "lightningLength": 6,
    "lightningCone": 360,
    "lightningLengthRand": 6,
    "hitEffect": "pulverize",
    "lifetime": 10,
    "speed": 1,
    "splashDamageRadius": 58,
    "instantDisappear": true,
    "splashDamage": 98,
    "killShooter": true,
    "hittable": false,
    "collidesAir": true
     }
  }
]
}

