{
    "research": {
    "parent": "strife",
    "requirements": [
    "oltuxium/500",
    "plastanium/400",
    "lead/640",
    "silicon/800"
    ]
    },
    "groundLayer": 75,
    "type": "legs",
	"speed": 0.46,
	"hitSize": 27,
	"health": 8390,
	"faceTarget": true,
	"armor": 10,
	"drag": 0.4,
	"range": 170,
	"maxRange": 170,
	"aimDst": 170,
	"flying": false,
	"targetAir": true,
	"rotateSpeed": 7,
	"legSpeed": 0.7,
	"legCount": 6,
	"legMoveSpace": 1.3,
	"legLength": 28,
    "rippleScale": 1,
    "legSplashDamage": 22,
    "legSplashRange": 30,
	"allowLegStep": true,
	"hovering": true,
	"immunities": [
		"slow", 
		"burning",
		"sapped"
	],
	"weapons": [
		{
    "name": "purge-fire",
    "reload": 10,
    "mirror": false,
    "x": 0,
    "y": 0,
    "shootY": 12,
    "recoil": 1.5,
    "rotate": false,
"shoot": {
"type": "ShootPattern",
"shots": 3,
 "shotDelay": 5
},
	"inaccuracy" : 12, 
    "shootSound": "flame",
    "shootCone": 20,
	"bullet": {
    "type": "BasicBulletType",
    "collidesAir": true,
    "speed": 5,
    "damage": 56,
    "width": 0.1,
    "height": 0.1,
    "shootEffect": {
    "type": "ParticleEffect",
    "particles": 30,
    "sizeFrom": 5,
    "sizeTo": 0,
    "length": 170,
    "lifetime": 58,
    "interp": "circleOut",
    "colorFrom": "D99F6BFF",
    "colorTo": "F3E979FF",
    "cone": 20
    },
    "smokeEffect": "none",
    "lifetime": 25,
	"despawnEffect": "none",
    "hittable": false,
    "reflectable": false,
	"hitEffect": {
    "type": "ParticleEffect",
    "particles": 15,
    "sizeFrom": 5,
    "sizeTo": 0,
    "length": 20,
    "lifetime": 15,
    "interp": "circleOut",
    "colorFrom": "F3E979FF",
    "colorTo": "D99F6BFF",
    "cone": 360
	},
	"pierce": true,
	"incendAmount": 5
    }
  },
  {
  "name": "shock-artillery",
    "shootCone": 15,
    "mirror": true,
    "alternate": true,
    "x": 8,
    "y": -2.3,
    "reload": 60,
    "recoil": 4,
    "ejectEffect": "casing2",
    "shootSound": "artillery",
    "shake": 2,
    "bullet": {
    "type": "artilleryBulletType",
    "collides": true,
    "collidesTiles": true,
    "collidesAir": true,
    "splashDamageRadius": 24,
    "splashDamage": 25,
    "hitEffect": "instBomb",
    "shootEffect": "shootHealYellow",
    "damage": 30,
    "lightning": 5,
    "lightningDamage": 10,
    "lightningLength": 10,
    "lightningCone": 360,
    "lightningLengthRand": 8,
    "height": 14,
    "width": 14,
    "speed": 4,
    "trailColor": "D99F6BFF",
    "frontColor": "F3E979FF",
    "backColor": "D99F6BFF",
    "lifetime": 90
			}
		}
     ],
    "abilities": [
        {
            "type": "mindustry.entities.abilities.StatusFieldAbility",
            "range" : 86,
            "reload" : 340,
            "duration" : 185,
            "effect": "overclock"
            }
    ]
}
