{
    "research": {
    "parent": "dispute",
    "requirements": [
    "oltuxium/300",
    "lead/340",
    "silicon/400"
    ]
    },
        "speed": 2.0,
        "accel": 0.03,
        "drag": 0.012,
        "flying": true,
        "faceTarget": true,
        "health": 3480,
        "hitSize": 20,
        "armor": 6,
        "engineOffset": 12,
        "engineSize": 3,
        "lowAltitude": true,
        "range": 140,
            "engineColor": "F3E979FF"
	    "weapons": [
	   {
  "name": "surge-bolter",
    "shootCone": 15,
    "mirror": true,
    "alternate": true,
    "x": 5,
    "y": 1.8,
    "reload": 8,
    "recoil": 1,
    "shootSound": "sap",
    "bullet": {
    "type": "LaserBoltBulletType",    
    "shootEffect": "shootHealYellow",
    "despawnEffect": "shootHealYellow",
    "smokeEffect": "none",
    "hitEffect": "shootHealYellow",
    "damage": 13,
    "speed": 6,
    "frontColor": "FFFFFFF",
    "backColor": "F3E979FF",
    "lifetime": 35
    }
  },
  {
    "name": "surge-rocket",
    "shootCone": 15,
    "alternate": true,
    "mirror": true,
    "top": true,
    "x": 6,
    "y": -6.5,
    "reload": 18,
    "shootSound": "missile",
    "recoil": 2.6,
    "shoot": {
    "shots": 2
   },
    "bullet": {
    "type": "MissileBulletType",
    "shootEffect": "shootHealYellow",
    "hitEffect": "blastExplosion",
    "despawnHit": true,   
    "damage": 45,
    "speed": 5,
    "keepVelocity": false,
	"frontColor": "FFFFFFF",
    "backColor": "F3E979FF",
    "trailColor": "ECD36FFF",
    "lifetime": 55,
  	"homingPower": 1,
	"homingRange": 100,
	"weaveScale": 5,			
	"weaveMag": 2,
	"splashDamageRadius": 20,
	"splashDamage": 10,			
    "lightning": 3,
    "lightningDamage": 8,
    "lightningLength": 5,
    "lightningCone": 360,
    "lightningLengthRand": 8
			}
		}
     ],
    "abilities": [
        {
            "type": "mindustry.entities.abilities.ForceFieldAbility",
            "radius": 40,
            "regen": 1,
            "max": 800,
            "cooldown": 260
            }
        ]
}
