{
    "research": {
    "parent": "challenge",
    "requirements": [
    "oltuxium/300",
    "lead/340",
    "silicon/400"
    ]
    },
    "type": "legs",
	"speed": 0.56,
	"hitSize": 14,
	"health": 560,
	"faceTarget": true,
	"armor": 5,
	"drag": 0.4,
	"range": 130,
	"maxRange": 130,
	"aimDst": 130,
	"flying": false,
	"targetAir": true,
	"rotateSpeed": 3,
	"legCount": 4,
	"legMoveSpace": 1.4,
	"legLength": 10,
	"allowLegStep": true,
	"hovering": true,
	"immunities": [
		"slow", 
		"burning",
		"sapped"
	],
	"weapons": [
		{
    "name": "purge-fire",
    "reload": 10,
    "mirror": false,
    "x": 0,
    "y": 0,
    "shootY": 6,
    "recoil": 1.5,
    "rotate": false,
"shoot": {
"type": "ShootPattern",
"shots": 3,
 "shotDelay": 5
},
	"inaccuracy" : 12, 
    "shootSound": "flame",
    "shootCone": 25,
	"bullet": {
    "type": "BasicBulletType",
    "collidesAir": true,
    "speed": 5,
    "damage": 38,
    "width": 0.1,
    "height": 0.1,
    "shootEffect": {
    "type": "ParticleEffect",
    "particles": 30,
    "sizeFrom": 5,
    "sizeTo": 0,
    "length": 150,
    "lifetime": 45,
    "interp": "circleOut",
    "colorFrom": "D99F6BFF",
    "colorTo": "F3E979FF",
    "cone": 20
    },
    "smokeEffect": "none",
    "lifetime": 20,
	"despawnEffect": "none",
    "hittable": false,
    "reflectable": false,
	"hitEffect": {
    "type": "ParticleEffect",
    "particles": 15,
    "sizeFrom": 5,
    "sizeTo": 0,
    "length": 20,
    "lifetime": 15,
    "interp": "circleOut",
    "colorFrom": "F3E979FF",
    "colorTo": "D99F6BFF",
    "cone": 360
	},
	"pierce": true,
	"incendAmount": 5
			}
		}
	]
}
