{
  "type": "flying",
  "name": "Tentacle",
  "description": "Heavy damage sniper drone. Has this name because of the tentacle-like shielding on it's back.",
  "drag": 0.15,
  "speed": 1.25,
  "research": "mod-gate-units",
  "maxVelocity": 1.3,
  "mass": 10,
  "commandLimit": 10,
  "hitsize": 45,
  "health": 10000,
  "armor": 6,
  "flying": true,
  "rotateWeapon": false,
  "engineOffset": 26,
  "engineSize": 5.5,
  "rotatespeed": 0.45,
  "baseRotateSpeed": 0.45,
  "weapons": [
    {
      "name": "tentacle-sniper",
      "range": 600,
      "x": 0,
      "rotate": false,
      "inaccuracy": 0,
      "mirror": false,
      "recoil": 3,
      "cooldownTime": 360,
      "recoilTime": 200,
      "y": -6,
      "shootEffect": {
        "type": "MultiEffect",
        "effects": [
          {
            "type": "WaveEffect",
            "sizeFrom": 0,
            "sizeTo": 12,
            "lifetime": "60",
            "colorFrom": "ff1717",
            "colorTo": "b91818"
          },
          {
            "type": "ParticleEffect",
            "particles": 8,
            "length": 16,
            "colorFrom": "ff1717",
            "colorTo": "da1b1b",
            "interp": "circleOut"
          },
          {
            "type": "ParticleEffect",
            "particles": 8,
            "length": 16,
            "colorFrom": "ffd64b",
            "colorTo": "d5b342",
            "interp": "circleOut"
          }
        ]
      },
      "reload": 400,
      "shootSound": "laser",
      "bullet": {
        "type": "LaserBulletType",
        "speed": 20,
        "length": 250,
        "damage": 60,
        "pierceBuilding": false,
        "lifetime": 600,
        "buildingDamageMultiplier": 0.2,
        "pierce": true,
        "pierceCap": 3,
        "fragBullets": 15,
        "fragBullet": {
         "type": "BasicBulletType",
          "speed": 1,
          "lifetime": 100,
          "damage": 10,
          "buildingDamageMultiplier": 0.2,
          "frontColor": "ff1717",
          "backColor": "ffd64b",
          "length": 20,
          "pierceBuilding": false,
          "pierceCap": 3,
          "height": 12,
          "length": 14,
          "splashDamage": 5,
          "splashDamageRadius": 10,
          "pierce": true,
          "fragBullets": 10,
          "fragBullet": {
            "type": "MissileBulletType",
            "damage": 15,
            "speed": 2.2,
            "status": "burning",
            "statusDuration": 600,
            "homingPower": 0.87,
            "homingRange": 80,
            "buildingDamageMultiplier": 0.2,
            "length": 10,
            "pierce": true,
            "pierceCap": 3,
            "height": 8,
            "splashDamage": 10,
            "splashDamageRadius": 8,
          }
        }
      }
    }
  ],
  "hitSize": 34
}
