{
	"type": "ImpactReactor",
	"health": 10000,
	 "researchCostMultiplier": 0.5,
	"itemCapacity": 300,
	"liquidCapacity": 800,
	"size": 9,
	"lightColor": "B3F7FFFF",
	"baseExplosiveness": 90000000,
    "explosionRadius": 70000,
    "explosionDamage": 90000000,
	"hasLiquids": true,
	"powerProduction": 1000,
	"warmupSpeed": 0.0006,
	"itemDuration": 500,
	"drawer": {
    "type": "DrawMulti",
    "drawers": [
    {
    "type": "DrawRegion",
    "suffix": "-bottom"
    },
    {
    "type": "DrawPlasma",
    "suffix": "-plasma-",
	"plasma1": "66B1FFFF",
	"plasma2": "7382f0"
	 },
    {
    "type": "DrawDefault"
    }
    ]
    },
	"consumes": {
		"power": 120.0,
		"items": ["omega-blue/20", "terrilium/15"],
		"liquids": ["exogenesis-axinian/0.3"]
	},
	"requirements": [
        "terrilium/400",
        "tungsten/600",
        "silicon/800",
        "osmium/2000",
        "blue-titan-alloy/600",
        "omega-blue/1200",
        "stellar-steel/900"
	],
	"envRequired": 0,
	"category": "power",
    "loopSound": "pulse",
    "loopSoundVolume": 2,
	"research": "c-hydrogen-reactor",
	"ambientSound": "hum",
	"ambientSoundVolume": 2
}
