{
	"type": "ImpactReactor",
	"health": 1200,
	 "researchCostMultiplier": 0.5,
	"itemCapacity": 200,
	"size": 5,
	"lightRadius": 30,
	"lightColor": "73FFAEFF",
	"baseExplosiveness": 5000,
    "explosionRadius": 370,
    "explosionDamage": 5000,
	"hasLiquids": true,
	"powerProduction": 500,
	"warmupSpeed": 0.007,
	"itemDuration": 380,
	"ambientSound": "pulse",
	"ambientSoundVolume": 0.85,
	"plasma1": "73FFAEFF",
	"plasma2": "57D993FF",
	"consumes": {
	"power": 60.0,
	  "items": {
		"items": [
        "valvanite/2",
        "gamma-green/1"
			]
	},
		"liquid": {
			"liquid": "cryofluid",
			"amount": 0.3
		}
	},
	"requirements": [
        "thorium/600",
        "plastanium/530",
        "gamma-green/450",
        "metaglass/550",
        "phase-fabric/600",
        "silicon/800",
        "phase-fabric/300"
	],
	"category": "power",
	"research": "radioactive-decayer"
}
