{
  "type": "GenericCrafter",
  "name": "Living Steel Liquifying Forge",
  "description": "Crafts larger amounts of liquid living steel by using the same amount of resources as the Living Steel Liquifyier.",
  "size": 3,
  "health": 285,
  "hasPower": true,
  "hasItems": true,
  "hasLiquids": false,
  "craftTime": 40,
  "craftEffect": "smeltsmoke",
  "updateEffect": "smeltsmoke",
  "consumes": {
    "power": 1.4,
    "items": {
      "items": [
        "living-steel/1"
      ]
    },
    "liquid": "oil/0.3"
  },
  "requirements": [
    {
      "item": "copper",
      "amount": 460
    },
    {
      "item": "lead",
      "amount": 320
    },
    {
      "item": "titanium",
      "amount": 145
    }
  ],
  "category": "crafting",
  "research": "living-steel-forge",
  "outputLiquid": "living-steel-liquid/0.3",
  "drawer": {
    "type": "DrawMulti",
    "drawers": [
      {
        "type": "DrawDefault" 
      },
      {
        "type": "DrawCrucibleFlame",
        "flameColor": "61615b",
        "midColor": "313131"
      }
    ]
  }
}
