{
  "type": "GenericCrafter",
  "name": "Living Steel Infusion Chamber",
  "description": "Crafts living steel by infusing titanium with spores.",
  "size": 2,
  "health": 140,
  "hasPower": true,
  "hasItems": true,
  "hasLiquids": false,
  "craftTime": 60,
  "craftEffect": "smeltsmoke",
  "updateEffect": "smeltsmoke",
  "consumes": {
    "power": 0.8,
    "items": {
      "items": [
        {
          "item": "titanium",
          "amount": 2
        },
        {
          "item": "spore-pod",
          "amount": 1
        }
      ]
    }
  },
  "requirements": [
    {
      "item": "copper",
      "amount": 150
    },
    {
      "item": "lead",
      "amount": 120
    },
    {
      "item": "titanium",
      "amount": 50
    }
  ],
  "category": "crafting",
  "research": "mod-gate-crafters",
  "outputItem": {
    "item": "living-steel",
    "amount": 2
  }
}
