{
  "type": "GenericCrafter",
  "name": "Living Steel Hardening Chamber",
  "description": "Hardens living steel by infusing it with thorium.",
  "size": 2,
  "hasPower": true,
  "hasItems": true,
  "health": 160,
  "hasLiquids": false,
  "craftTime": 60,
  "craftEffect": "smeltsmoke",
  "updateEffect": "smeltsmoke",
  "consumes": {
    "power": 0.8,
    "items": {
      "items": [
        {
          "item": "living-steel",
          "amount": 1
        },
        {
          "item": "thorium",
          "amount": 2
        }
      ]
    }
  },
  "requirements": [
    {
      "item": "copper",
      "amount": 150
    },
    {
      "item": "lead",
      "amount": 120
    },
    {
      "item": "titanium",
      "amount": 50
    }
  ],
  "category": "crafting",
  "research": "living-steel-liquifier",
  "outputItem": {
    "item": "living-steel-hard",
    "amount": 2
  }
}
