{
  "type": "GenericCrafter",
  "name": "Living Steel Liquifying Chamber",
  "description": "Liquifies living steel by infusing it with oil.",
  "size": 2,
  "hasPower": true,
  "hasItems": true,
  "hasLiquids": false,
  "health": 160,
  "craftTime": 60,
  "craftEffect": "smeltsmoke",
  "updateEffect": "smeltsmoke",
  "consumes": {
    "power": 0.8,
    "items": {
      "items": [
        {
          "item": "living-steel",
          "amount": 1
        }
      ]
    },
    "liquid": 
      {
        "liquid": "oil",
        "amount": 0.3
      }  
  },
  "requirements": [
    {
      "item": "copper",
      "amount": 150
    },
    {
      "item": "lead",
      "amount": 120
    },
    {
      "item": "titanium",
      "amount": 50
    }
  ],
  "category": "crafting",
  "research": "living-steel-infuser",
  "outputLiquid": {
    "liquid": "living-steel-liquid",
    "amount": 0.2
  }
}
