{
  "name": "Sprinkler",
  "description": "A fast paced water spray turret that is good at putting out fires but deals no damage and has no knockback so it should probably not be used for combat.",
  "size": 3,
  "range": 200,
  "reload": 1,
  "shootSound": "pew",
  "shootCone": 360,
    "shootX": 0,
    "shootY": 0,
  "shootEffect": {
    "type": "ParticleEffect",
    "colorFrom": "0053e8",
    "colorTo": "0046c2",
    "cone": 360,
    "lifetime": 50
  },
  "shots": 100,
  "spread": 5,  
  "ammoTypes": {
    "water": {
      "type": "LiquidBulletType",
      "damage": 0,
      "bulletWidth": 10,
      "lifetime": 57,
      "knockback": 0,
      "amount": 0.003,
      "liquid": "water"
    }
  },
  "rotateSpeed": 200,
  "powerUse": 0.25,
  "targetAir": true,
  "targetGround": true,
  "recoilAmount": 0,
  "requirements": [
    {
      "item": "copper",
      "amount": 50
    },
    {
      "item": "graphite",
      "amount": 20
    },
    {
      "item": "metaglass",
      "amount": 15
    }
  ],
  "category": "turret",
  "type": "LiquidTurret",
  "health": 200,
  "research": "mod-gate-turrets"
}
