{
  "type": "unitFactory",
  "name": "Interceptor factory",
  "description": "Creates fast and cheap units from the mod.",
  "size": 3,
  "consumes": {
    "power": 1.2
  },
  "plans": [
    {
      "unit": "lancer-drone",
      "requirements": [
        {
          "item": "lead",
          "amount": 30
        },
        {
          "item": "silicon",
          "amount": 20
        }
      ],
      "time": 1000
    },
    {
      "unit": "seed",
      "requirements": [
        {"item": "lead", "amount": 30},
        {"item": "silicon", "amount": 20}
      ],
      "time": 800
    }
  ],
  "requirements": [
    {
      "item": "lead",
      "amount": 200
    },
    {
      "item": "graphite",
      "amount": 70
    },
    {
      "item": "silicon",
      "amount": 75
    }
  ],
  "category": "units",
  "research": "mod-gate-factories"
}
