{
  "type": "unitFactory",
  "name": "[red]Mothership factory",
  "description": "Creates slow and extremely powerful superclass units from the mod.",
  "size": 14,
  "liquidCapacity": 600,
  "consumes": {
    "power": 43.33333333333333,
    "liquid": {
      "liquid": "cryofluid",
      "amount": 4.3333333333333333
    }
  },
  "plans": [
    {
      "unit": "japonica",
      "requirements": [
        "silicon/3400",
        "titanium/2500",
        "thorium/2000",
        "phase-fabric/1800",
        "surge-alloy/1400"
      ],
      "time": 36000
    },
    {
      "unit": "corax",
      "requirements": [
        {"item": "silicon", "amount": 3200},
        {"item": "titanium", "amount": 2300},
        {"item": "thorium", "amount": 1800},
        {"item": "plastanium", "amount": 1600},
        {"item": "surge-alloy", "amount": 1200}
      ],
      "time": 36000
    },
    {
      "unit": "hive",
      "requirements": [
        {
          "item": "silicon",
          "amount": 4500
        },
        {
          "item": "titanium",
          "amount": 4150
        },
        {
          "item": "living-steel",
          "amount": 2700
        },
        {
          "item": "surge-alloy",
          "amount": 1800
        },
        {
          "item": "gold",
          "amount": 1620
        }
      ],
      "time": 36000
    },
    {
      "unit": "sps",
      "requirements": [
        {
          "item": "silicon",
          "amount": 3600
        },
        {
          "item": "titanium",
          "amount": 2700
        },
        {
          "item": "living-steel",
          "amount": 2250
        },
        {
          "item": "thorium",
          "amount": 2250
        },
        {
          "item": "surge-alloy",
          "amount": 1800
        }
      ],
      "time": 36000
    },
    {
      "unit": "test",
      "requirements": [
        {
          "item": "silicon",
          "amount": 4050
        },
        {
          "item": "titanium",
          "amount": 3600
        },
        {
          "item": "living-steel",
          "amount": 2700
        },
        {
          "item": "phase-fabric",
          "amount": 2250
        },
        {
          "item": "surge-alloy",
          "amount": 1800
        }
      ],
      "time": 36000
    }
  ],
  "requirements": [
    {
      "item": "lead",
      "amount": 5400
    },
    {
      "item": "silicon",
      "amount": 2700
    },
    {
      "item": "titanium",
      "amount": 3150
    },
    {
      "item": "phase-fabric",
      "amount": 1620
    },
    {
      "item": "surge-alloy",
      "amount": 1350
    }
  ],
  "category": "units",
  "research": "heavy-factory"
}
