{
  "name": "Living Steel Thermal Generator",
  "description": "Produces heat in hot locations using intelligent spore steel activity. Is more efficient than the normal thermal generator.",
  "type": "ThermalGenerator",
  "attribute": "heat",
  "powerProduction": 3,
  "size": 2,
  "generateEffect": {
    "type": "ParticleEffect",
    "particles": 8,
    "length": 10,
    "colorFrom": "6d0071",
    "colorTo": "8c0291",
    "interp": "circleOut"
  },
  "category": "power",
  "research": "mod-gate-power"
  "health": 240,
  "requirements": [
    {
      "item": "copper",
      "amount": 50
    },
    {
      "item": "lead",
      "amount": 60
    },
    {
      "item": "metaglass",
      "amount": 50
    },
    {
      "item": "graphite",
      "amount": 45
    },
    {
      "item": "living-steel",
      "amount": 35
    }
  ]
}
