{
  "type": "ConsumeGenerator",
  "localizedName": "Slag Generator",
  "description": "A generator that uses the heat of Slag to make power.",
  "size": 3,
  "health": 785,
  "consumeEffect": "surgeCruciSmoke",
  "explodeOnFull": false,
  "itemDuration": 60,
  "consumes": {
    "liquid": "slag/0.33333"
  },
  "drawer": {
    "type": "DrawMulti",
    "drawers": [
      {
        "type": "DrawRegion",
        "suffix": "-bottom" 
      },
      {
        "type": "DrawLiquidTile",
        "drawLiquid": "slag"
      },
      {
        "type": "DrawCircles",
        "color": "ffc073",
        "strokeMax": 1,
        "radius": 10,
        "amount": 3,
      },
      {
        "type": "DrawBlurSpin",
        "suffix": "-rotator",
        "rotateSpeed": 0.5
      },
      {
        "type": "DrawDefault" 
      }
    ]
  },
  "category": "power",
  "research": "ls-gen",
  "powerProduction": 6.8,
  "hasLiquids": true,
  "liquidCapacity": 100,
  "requirements": [
    "copper/120",
    "lead/100",
    "graphite/60",
    "metaglass/50",
    "titanium/40"
  ]
}
