{
  "type": "ConsumeGenerator",
  "localizedName": "Slag Reactor",
  "description": "A reactor that uses the heat of Slag to make power.",
  "size": 3,
  "health": 785,
  "consumeEffect": "surgeCruciSmoke",
  "effectChance": 1,
  "explodeOnFull": false,
  "itemDuration": 60,
  "consumes": {
    "liquid": "slag/0.33333"
  },
  "drawer": {
    "type": "DrawMulti",
    "drawers": [
      {
        "type": "DrawRegion",
        "suffix": "-bottom" 
      },
      {
        "type": "DrawLiquidTile",
        "drawLiquid": "slag"
      },
      {
        "type": "DrawCircles",
        "color": "ffc073",
        "strokeMax": 1,
        "radius": 10,
        "amount": 3,
      },
      {
        "type": "DrawBlurSpin",
        "suffix": "-rotator",
        "rotateSpeed": 0.5
      },
      {
        "type": "DrawDefault" 
      }
    ]
  },
  "category": "power",
  "research": "vent-condenser",
  "powerProduction": 7,
  "hasLiquids": true,
  "liquidCapacity": 100,
  "requirements": [
    "graphite/50",
    "silicon/40",
    "beryllium/60",
    "tungsten/20"
  ]
}
