{
  "name": "Reduct",
  "description": "Equipped with a small version of the Lycosid's frost laser, this unit can freeze it's targets.",
  "details": "Spawned by the Lycosid mothership.",
  "health": 660,
  "flying": false,
  "legCount": 6,
  "legLength": 10,
  "legForwardScl": 0.7,
  "legMoveSpace": 1.2,
  "hovering": true,
  "allowLegStep": true,
  "commandLimit": 4,
  "speed": 1.5,
  "rotateSpeed": 4,
  "armor": 3,
  "range": 80,
  "mechSideSway": 0.25,
  "type": "legs",
  "hitSize": 10,
  "research": {
    "parent": "test",
    "requirements": [
      {
        "item": "titanium",
        "amount": 400
      }
    ]
  },
  "weapons": [
    {
      "name": "nothing",
      "x": 0,
      "y": 0,
      "reload": 60,
      "shake": 2,
      "rotateSpeed": 3,
      "ejectEffect": "casing1",
      "shootSound": "shoot",
      "rotate": true,
      "mirror": false,
      "recoil": 1,
      "bullet": {
         "type": "ShrapnelBulletType",
          "damage": 10,
        "width": 2,
      "serrationLenScl": 2,
      "serrationSpaceOffset": 70,
      "serrationFadeOffset": 0,
      "serrations": 8,
        "length": 100,
      "serrationWidth": 7,
      "fromColor": "6586b0",
      "toColor": "87ceeb",
      "shootEffect": "sparkShoot",
      "smokeEffect": "sparkShoot",
    "status": "freezing",
    "statusDuration": 30
      }
    },
  ]
}
