{
"name": "Corona",
"research": {
"parent": "sol",
"requirements": [
"volcanite/300",
"lead/340",
"silicon/400"
]
},
"type": "mech",
"armor": 9,
"hitSize": 13,
    "outlineColor": "313131FF",
"speed": 0.4,
"flying": false,
"health": 620,
"range": 120,
"immunities": [
		"burning",
		"melting"
		],
"weapons": [
  {
  "name": "plasma-gun",
  "x": 8,
  "y": 0.5,
  "reload": 28,
  "alternate": true,
  "top": false,
  "mirror": true,
  "shootSound": "laser",
  "ejectEffect": "casing1",
  "bullet": {
    "type": "BasicBulletType",
	"sprite" : "circle-bullet",
    "status": "melting",
	"statusDuration": 300,
	"damage": 16,	
	"splashDamage": 15,
	"splashDamageRadius": 20,	
	"height": 9,
	"width": 9,			
	"speed": 6,
	"lifetime": 30,
	"shrinkX": 0,
	"shrinkY": 0,
	"lightColor": "FFC1BBFF",
    "hitEffect": {
    "type": "ParticleEffect",
    "particles": 15,
    "length": 40,
    "lifetime": 36,
    "interp": "circleOut",
    "cone": 360,
    "colorFrom": "FFC1BBFF",
    "colorTo": "FF5845FF",
    "sizeFrom": 5,
    "sizeTo": 0
    },
    "despawnEffect": {
    "type": "ParticleEffect",
    "particles": 15,
    "length": 40,
    "lifetime": 36,
    "interp": "circleOut",
    "cone": 360,
    "colorFrom": "FFC1BBFF",
    "colorTo": "FF5845FF",
    "sizeFrom": 5,
    "sizeTo": 0
    },
	"smokeEffect":  "none",
	"pierce": false,
	"absorbable": false,
	"trailChance": 1,
	"trailEffect": {
    "type": "ParticleEffect",
    "particles": 6,
    "length": 3,
    "baseLength": 3,
    "lifetime": 25,
    "interp": "circleOut",
    "cone": 360,
    "offset": 3,
    "colorFrom": "FFC1BBFF",
    "colorTo": "FF5845FF",
    "sizeFrom": 3,
    "sizeTo": 0
	},
	"shootEffect": {
    "type": "ParticleEffect",
    "particles": 10,
    "length": 40,
    "lifetime": 25,
    "interp": "circleOut",
    "cone": 20,
    "offset": 20,
    "colorFrom": "FFC1BBFF",
    "colorTo": "FF5845FF",
    "sizeFrom": 4,
    "sizeTo": 0
	},
    "frontColor": "FFC1BBFF",
    "backColor": "FF5845FF"
     }
  }
]
}
 
