{	
 "type": "GenericCrafter",
	 "researchCostMultiplier": 0.5,
	"destructible": true,
	"drawer": {
	"type": "DrawMulti",
        "drawers": [
        {
        "type": "DrawDefault"
        },
        {
         "type": "DrawFlame",
    "flameRadius": 7.2,
    "flameRadiusIn": 4.0,
    "flameRadiusScl": 6.5,
    "flameRadiusMag": 3.0,
    "flameRadiusInMag": 1.0,
	"flameColor": "74C2E8FF"
	  },
    {
        "type": "DrawParticles",
        "color": "66B1FFFF",
    "alpha": 0.4,
    "blending": "additive",
    "particleSize": 5,
    "reverse": true,
    "particleRad": 23,
    "particles": 22,
    "fadeMargin": 1,
    "rotateScl": 7,
    "particleLife": 60
    },
    {
    "type": "DrawParticles",
    "color": "66B1FFFF",
    "alpha": 0.4,
    "reverse": true,
    "blending": "additive",
    "particleSize": 6,
    "particleRad": 12,
    "particles": 22,
    "fadeMargin": 1,
    "rotateScl": 7,
    "particleLife": 80
     },
       {
       "type": "DrawGlowRegion",
       "suffix": "-glow1", 
       "glowScale": 10,
       "color": "66B1FF90"
     },
       {
       "type": "DrawGlowRegion",
       "suffix": "-glow2",
         "glowScale": 7,
       "color": "66B1FF90"
     },
       {
       "type": "DrawGlowRegion",
       "suffix": "-glow3",
         "glowScale": 4,
       "color": "66B1FF90"
	  }
    ]
    },
	"size": 8,
	"hasPower": true,
	"hasItems": true,
	"canOverdrive": false,
	"itemCapacity": 250,
	"craftTime": 500,
	"craftEffect": {
	"type": "multiEffect",
    "effects": [
    {
    "type": "ParticleEffect", 
    "line": true, 
    "particles": 25, 
    "lifetime": 30, 
    "offset": 60, 
    "length": 120, 
    "cone": -360, 
    "strokeTo": 0, 
    "lightColor": "66B1FFFF", 
    "strokeFrom": 2.5, 
    "sizeFrom": 20, 
    "sizeTo": 20, 
    "colorFrom": "66B1FFFF", 
    "colorTo": "66B1FFFF" 
    }, 
    { 
    "type": "ExplosionEffect",
    "waveColor": "66B1FFFF", 
    "sparkColor": "66B1FFFF", 
    "smokes": 30,
    "smokeSize": 2.7,	 
    "smokeSizeBase": 8.6, 
    "smokeRad":	66,	 
    "waveLife":	30, 
    "waveStroke": 4.1,	 
    "waveRad": 85, 
    "waveRadBase": 2.0, 
    "sparkLen": 7, 
    "sparks": 12 
    },
    {
    "type": "ParticleEffect",
    "particles": 10,
    "offset": 70,
    "length": 450,
    "lifetime": 30,
    "region": "exogenesis-star",
    "sizeInterp": "pow5Out",
    "interp": "pow3In",
    "spin": 12,
    "sizeFrom": 9,
    "sizeTo": 1,
    "colorFrom": "66B1FFFF",
    "colorTo": "66B1FFFF"
    },
    {
    "type": "ParticleEffect",
    "particles": 10,
    "offset": 70,
    "length": 400,
    "lifetime": 30,
    "region": "exogenesis-star",
    "sizeInterp": "pow5Out",
    "interp": "pow3In",
    "spin": 12,
    "sizeFrom": 9,
    "sizeTo": 1,
    "colorFrom": "66B1FFFF",
    "colorTo": "66B1FFFF"
    },
    {
    "type": "ParticleEffect",
    "particles": 10,
    "offset": 70,
    "length": 350,
    "lifetime": 30,
    "region": "exogenesis-star",
    "sizeInterp": "pow5Out",
    "interp": "pow3In",
    "spin": 12,
    "sizeFrom": 9,
    "sizeTo": 1,
    "colorFrom": "66B1FFFF",
    "colorTo": "66B1FFFF"
    },
    {
    "type": "ParticleEffect",
    "particles": 10,
    "offset": 70,
    "length": 300,
    "lifetime": 30,
    "region": "exogenesis-star",
    "sizeInterp": "pow5Out",
    "interp": "pow3In",
    "spin": 12,
    "sizeFrom": 9,
    "sizeTo": 1,
    "colorFrom": "66B1FFFF",
    "colorTo": "66B1FFFF"
    },
    {
	   "type": "ParticleEffect",
    "particles": 10,
    "offset": 70,
    "length": 250,
    "lifetime": 30,
    "region": "exogenesis-star",
    "sizeInterp": "pow5Out",
    "interp": "pow3In",
    "spin": 12,
    "sizeFrom": 9,
    "sizeTo": 1,
    "colorFrom": "66B1FFFF",
    "colorTo": "66B1FFFF"
    },
    {
    "type": "WaveEffect",
    "lifetime": 400,
    "sizeFrom": 0,
    "sizeTo": 100,
    "interp": "pow5Out",
    "strokeFrom": 10,
    "strokeTo": 0,
    "colorFrom": "A9D8FFFF",
    "colorTo": "66B1FFFF"
    },
    {
    "type": "WaveEffect",
    "lifetime": 400,
    "sizeFrom": 0,
    "sizeTo": 120,
     "interp": "pow5Out",
    "strokeFrom": 6,
    "strokeTo": 0,
    "colorFrom": "A9D8FFFF",
    "colorTo": "66B1FFFF"
    }
    ]
    },
	"updateEffect": "none",
	"consumes": {
		"power": 80,
		"items": {
			"items": [
               "omega-blue/50",
               "stellar-steel/60",
               "urbium/60",
               "osmium/40"
			]
		}
	},
	"requirements": [
        "omega-blue/3000",
        "astrolite/4000",
        "thorium/3400",
        "urbium/1200",
        "stellar-steel/300",
        "silicon/5000",
        "osmium/3000"
	],
	"envRequired": 0,
	"category": "crafting",
	"outputItem": "blue-titan-alloy/2"
}
