{
  "type": "GenericCrafter",
  "localizedName": "Cold plasma chamber",
	 "researchCostMultiplier": 0.5,
  "description": "Creates cold plasma under very cold and spefic conditions, with the use of water and astrolite",
  "health": 5,
  "size": 2,
  "hasItems": true,
  "craftTime": 28,
  "craftEffect": "none",
  "drawer": {
  "type": "DrawMulti",
        "drawers": [
        {
       "type": "DrawRegion",
       "suffix": "-bottom"
	   },
        {
        "type": "DrawLiquidTile",
        "drawLiquid": "cold-plasma",
        "suffix": "-liquid"
        },
        {	
        "type": "DrawDefault"
	  }
    ]
    },
  "hasPower": true,
  "hasLiquids": true,
  "updateEffect": "none",
  "consumes": {
  "power": 0.70,
    "items": [
      "astrolite/1"
    ],
    "liquids": [
    "water/0.15"
    ]
  },
  "requirements": [
    "lead/50",
    "graphite/40",
    "astrolite/80"
  ],
  "category": "crafting",
  "research": "b-silicon-oven",
  "outputLiquid": "cold-plasma/0.15"
}
