{	
    "type": "GenericCrafter",
	"drawer": {
	"type": "DrawMulti",
        "drawers": [
         {
        "type": "DrawDefault"
        },
        {
        "type": "DrawFlame",
	"flameColor": "A9D8FFFF"
	  }
    ]
    },
	"size": 3,
	 "researchCostMultiplier": 0.5,
	"hasPower": true,
	"hasItems": true,
	"itemCapacity": 20,
	"craftTime": 80,
	"craftEffect": "smeltsmoke",
	"updateEffect": "none",
	"consumes": {
		"power": 3,
		"items": {
			"items": [
               "stellar-steel/1",
               "lead/2"
			]
		}
	},
	"requirements": [
        "stellar-steel/100",
        "astrolite/200",
        "urbium/70",
        "lead/200"
	],
	"envRequired": 0,
	"category": "crafting",
	"research": "b-stellar-furnace",
	"outputItem": "terrilium/2"
}
