{	
 "type": "GenericCrafter",
"breakable": false,
	"destructible": true,
	"drawer": {
   "type": "DrawMulti",
        "drawers": [
        {
        "type": "DrawDefault"
        },
        {
	"type": "DrawFlame",
	"flameRadius": 12,
    "flameRadiusIn": 8,
    "flameRadiusScl": 8.5,
    "flameRadiusMag": 2.7,
    "flameRadiusInMag": 2.0,
	"flameColor": "FF5845FF"
	  },
     {
 "type": "drawArcSmelt",
  "flameColor": "FF5845FF",
  "midColor": "FF5845FF",
  "flameRad": 1.6,
  "circleSpace": 2,
  "circleStroke": 0.9,
  "alpha": 2,
  "particleRad": 30,
  "particles": 38,
  "particleLen": 7,
  "particleStroke": 2.2,
  "particleLife": 80
	  }
    ]
    },
	"size": 8,
	"hasPower": true,
	"hasItems": true,
	"canOverdrive": false,
	"itemCapacity": 250,
	"craftTime": 500,
	"craftEffect": {
	"type": "multiEffect",
    "effects": [
    {
    "type": "ParticleEffect",
    "particles": 1,
    "sizeFrom": 32,
    "sizeTo": 32,
    "length": 0,
  "offset": 90,
    "lifetime": 500,
    "region": "exogenesis-forge-of-annihilation-effect",
    "lightOpacity": 0,
    "colorFrom": "FF5845FF",
    "colorTo": "FF584500"
    },
    {
    "type": "WaveEffect",
    "lifetime": 60,
    "sizeFrom": 0,
    "sizeTo": 100,
    "strokeFrom": 6,
    "strokeTo": 0,
    "lightColor": "FF5845FF",
    "colorFrom": "FFDCD8FF",
    "colorTo": "FF5845FF"
    },
    {
    "type": "ParticleEffect",
    "particles": 20,
    "sizeFrom": 5,
    "sizeTo": 1,
    "length": 160,
  "offset": 90,
    "lifetime": 135,
    "lightOpacity": 0,
    "interp": "fastSlow",
    "colorFrom": "FF5845FF",
    "colorTo": "3f3f3fff",
    "cone": 17
    },
    {
    "type": "ParticleEffect",
    "particles": 20,
    "sizeFrom": 7,
    "sizeTo": 1,
    "length": 180,
  "offset": 90,
    "lifetime": 145,
    "lightOpacity": 0,
    "interp": "circleOut",
    "sizeInterp": "pow5In",
    "colorFrom": "FF5845FF",
    "colorTo": "3f3f3fff",
    "cone": 14
    },
    {
    "type": "ParticleEffect",
    "particles": 10,
    "sizeFrom": 6,
    "sizeTo": 1,
    "length": 140,
    "lifetime": 85,
  "offset": 90,
    "interp": "circleOut",
    "sizeInterp": "pow5In",
    "lightColor": "FF5845FF",
    "colorFrom": "FFDCD8FF",
    "colorTo": "FF5845FF",
    "cone": 12
    },
    {
    "type": "ParticleEffect",
    "particles": 10,
    "sizeFrom": 7,
    "sizeTo": 1,
    "length": 100,
  "offset": 90,
    "lifetime": 80,
    "interp": "circleOut",
    "sizeInterp": "pow5In",
    "lightColor": "FF5845FF",
    "colorFrom": "FFDCD8FF",
    "colorTo": "FF5845FF",
    "cone": 16
    },
    {
    "type": "ParticleEffect",
    "particles": 10,
    "sizeFrom": 7,
    "sizeTo": 1.5,
    "length": 110,
    "lifetime": 95,
  "offset": 90,
    "interp": "fastSlow",
    "lightColor": "FF5845FF",
    "colorFrom": "FFDCD8FF",
    "colorTo": "FF5845FF",
    "cone": 17
    },
    {
    "type": "ParticleEffect",
    "particles": 10,
    "sizeFrom": 7,
    "sizeTo": 1.5,
    "length": 120,
    "lifetime": 105,
  "offset": 90,
    "interp": "fastSlow",
    "lightColor": "FF5845FF",
    "colorFrom": "FFDCD8FF",
    "colorTo": "FF5845FF",
    "cone": 12
    }
    ]
    },
	"updateEffect": "none",
	"consumes": {
		"power": 80,
		"items": {
			"items": [
               "primal-red/150",
               "surge-alloy/100",
               "titanium/100",
               "volcanite/100",
               "osmium/100"
			]
		}
	},
	"requirements": [
        "primal-red/1000",
        "volcanite/2000",
        "thorium/2000",
        "titanium/1000",
        "plastanium/1000",
        "phase-fabric/1000",
        "surge-alloy/3000",
        "silicon/2000",
        "osmium/1000"
	],
	"category": "crafting",
	"outputItem": "annihilation-crystal/1"
}
