{	
    "type": "GenericCrafter",
		"drawer": {
   "type": "DrawMulti",
        "drawers": [
        {
        "type": "DrawDefault"
        },
        {
	"type": "DrawFlame",
	"flameColor": "FF5845FF"
}
]
	},
	"size": 6,
	"hasPower": true,
	"hasLiquids": true,
	"hasItems": true,
	"itemCapacity": 80,
	"craftTime": 250,
	"craftEffect": {
    "type": "WaveEffect",
    "lifetime": 25,
    "sizeFrom": 0,
    "sizeTo": 40,
    "strokeFrom": 8,
    "strokeTo": 0,
    "colorFrom": "FF5845FF",
    "colorTo": "DE4136FF"
    },
	"updateEffect": "none",
	"consumes": {
		"power": 5,
		"items": {
			"items": [
               "surge-alloy/10",
               "thorium/10",
               "blast-compound/5",
               "volcanite/15",
               "osmium/8"
			]
		}
	},
	"requirements": [
        "primal-red/500",
        "plastanium/430",
        "thorium/300",
        "titanium/300",
        "silicon/730",
        "osmium/530"
	],
	"category": "crafting",
	"research": "primal-forge",
	"outputItem": "primal-red/15"
}
