{	
    "researchCostMultiplier": 0.1,
    "type": "GenericCrafter",
		"drawer": {
   "type": "DrawMulti",
        "drawers": [
         {
        "type": "DrawDefault"
        },
        {
	"type": "DrawFlame",
	"flameColor": "ffc099"
}
]
	},
	"size": 2,
	"hasPower": true,
	"hasItems": true,
	"itemCapacity": 10,
	"craftTime": 40,
	"craftEffect": "smeltsmoke",
	"updateEffect": "none",
	"consumes": {
		"power": 2,
		"items": {
			"items": [
               "coal/1",
               "graphite/2"
			]
		}
	},
	"requirements": [
        "copper/80",
        "lead/120"
	],
	"category": "crafting",
	"research": "graphite-press",
	"outputItem": "volcanite/2"
}
