{	
    "type": "GenericCrafter",
		"drawer": {
   "type": "DrawMulti",
        "drawers": [
       {
        "type": "DrawDefault"
        },
        {
	"type": "DrawFlame",
	"flameColor": "F66332FF"
}
]
	},
	"size": 3,
	"hasPower": true,
	"hasLiquids": false,
	"hasItems": true,
	"itemCapacity": 20,
	"craftTime": 150,
	"craftEffect": "massiveExplosion",
	"updateEffect": "none",
	"consumes": {
		"power": 2,
		"items": {
			"items": [
		        "copper/3",
			"lead/3",
			"titanium/4",
			"volcanite/5"
			]
		}
	},
	"requirements": [
		{"item": "silicon", "amount": 160},
		{"item": "volcanite", "amount": 450},
		{"item": "thorium", "amount": 140},
		{"item": "titanium", "amount": 160},
		{"item": "plastanium", "amount": 140}
	],
	"category": "crafting",
	"research": "alloy-smelter",
	"outputItem": {
		"item": "primal-red",
		"amount": 2
	}
}
