{
  "type": "LaunchPad",
  "health": 740,
  "name": "Advanced Launch Pad",
  "description": "Uses technology infused with living steel to launch items faster than the regular launch pad. Can be boosted by using water",
  "launchTime": 780,
  "lightColor": "8c0291",
  "itemCapacity": 200,
  "size": 4,
  "consumes": {
    "power": 6,
    "liquid": {
      "liquid": "water",
      "amount": 0.3,
      "optional": true,
      "booster": true
    }
  },
  "category": "effect",
  "research": "mod-gate-effect",
"requirements": [
  {"item": "copper", "amount": 600},
  {"item": "lead", "amount": 360},
  {"item": "silicon", "amount": 200},
  {"item": "titanium", "amount": 220},
  {"item": "living-steel", "amount": 160}
  ]
}
