{
  "name": "Dark Mender",
  "description": "Heals nearby blocks in great amounts but needs a constant supply of living steel to do so .",
  "type": "MendProjector",
  "health": 1350,
  "size": 3,
  "range": 80,
  "reload": 120,
  "phase": "76619d",
  "consumesPower": false,
  "needsPower": false,
  "color": "996de8",
  "hasPower": false,
  "healPercent": 15,
  "itemDuration": 30,
  "consumes": {
    "items": {
      "items": [
        {
          "amount": 1,
          "item": "living-steel"
        }
      ],
      "optional": false,
      "booster": false
    }
  },
  "requirements": [
    {
      "item": "graphite",
      "amount": 60
    },
    {
      "item": "silicon",
      "amount": 140
    },
    {
      "item": "titanium",
      "amount": 150
    },
    {
      "item": "living-steel-hard",
      "amount": 120
    },
    {
      "item": "phase-fabric",
      "amount": 40
    }
  ],
  "category": "effect",
  "research": "enhanced-mend-projector"
}
