{
  "name": "Repair Dome",
  "description": "Heals nearby blocks rapidly.",
  "type": "MendProjector",
  "health": 1000,
  "size": 3,
  "range": 120,
  "reload": 100,
  "phase": "#720874",
  "color": "#17C50B",
  "healPercent": 5,
  "consumes": {
    "power": 5,
    "items": {
      "items": [
        {
          "amount": 5,
          "item": "phase-fabric"
        }
      ],
      "optional": true,
      "booster": true
    }
  },
  "requirements": [
    {
      "item": "graphite",
      "amount": 60
    },
    {
      "item": "silicon",
      "amount": 140
    },
    {
      "item": "titanium",
      "amount": 150
    },
    {
      "item": "phase-fabric",
      "amount": 40
    }
  ],
  "category": "effect",
  "research": "mini-od"
}
