{
    "type": "ForceProjector",
    "name": "Force Dome",
    "description": "A better Force Projector with more range and shield health.",
    "size": 4,
    "health": 500,
    "radius": 150,
    "shieldHealth": 1000,
    "phaseRadiusBoost": 100,
    "phaseUseTime": 350,
    "cooldownNormal": 1.2,
    "cooldownLiquid": 1.1,
    "category": "effect",
    "requirements": [
        {"item": "lead", "amount": 300},
        {"item": "silicon", "amount": 265},
        {"item": "titanium", "amount": 150},
	      {"item": "thorium", "amount": 200},
	      {"item": "plastanium", "amount": 100}
    ],
    "consumes": {
		"power": 5,
		"items": {
			"items": [ {"item": "phase-fabric", "amount": 1} ],
			"booster": true,
			"optional": true
        }
	},
    "research": "dark-mender"
}
