{
  "type": "OverdriveProjector",
  "name": "Tiny Overdrive Projector",
  "description": "A tiny overdrive projector. Makes everything in it's range faster but be aware that it also increases energy consumption!",
  "range": 48,
  "hasBoost": false,
  "speedBoost": 1.15,
  "reload": 1,
  "research": "mod-gate-effect",
  "category": "effect",
  "consumes": {
    "power": 1.25
  },
  "requirements": [
    {
      "item": "lead",
      "amount": 25
    },
    {
      "item": "titanium",
      "amount": 20
    },
    {
      "item": "silicon",
      "amount": 25
    }
  ]
}
