{
  "name": "Outpost",
  "description": "An outpost that can be built anywhere on the map and transfers all items that are inputted directly to the main core.",
  "health": 1200,
  "size": 3,
  "buildLimit": 1,
  "solid": true,
  "update": true,
  "itemCapacity": 5,
  "hasItems": true,
  "requirements": [
    {
      "item": "copper",
      "amount": 3000
    },
    {
      "item": "lead",
      "amount": 2500
    },
{
  "item": "silicon",
  "amount": 2200
}
    {
      "item": "titanium",
      "amount": 2000
    },
    {
        "item": "living-steel-hard",
        "amount": 1000
    },
    {
        "item": "gold",
        "amount": 600
    },
    {
      "item": "steel-alloy",
      "amount": 500
    }
  ],
  "category": "effect",
  "research": "big-launch-pad"
}
