{
  "name": "Air-Arc",
  "description": "An Arc against air enemies only.",
  "size": 1,
  "range": 130,
  "reload": 20,
  "shootSound": "spark",
  "shootCone": 30,
  "shots": 1,
  "shootType": {
    "type": "LightningBulletType",
    "lightningLength": 16,
    "damage": 10
  },
  "rotateSpeed": 100,
  "consumes": {
    "power": 3.5
  },
  "targetAir": true,
  "targetGround": false,
  "heatColor": "ff0000",
  "shootEffect": "lightningShoot",
  "recoilAmount": 1,
  "cooldown": 0.02,
  "restitution": 0.02,
  "requirements": [
    {
      "item": "copper",
      "amount": 150
    },
    {
      "item": "lead",
      "amount": 150
    },
    {
      "item": "graphite",
      "amount": 20
    }
  ],
  "category": "turret",
  "type": "PowerTurret",
  "health": 320,
  "research": "mod-gate-turrets"
}
