{
  "type": "TractorBeamTurret",
  "name": "Parallax 2.0",
  "description": "An enhanced version of the Parallax. Drags enemies faster, deals more damage in the process and can be boosted by liquid living steel.",
  "size": 3,
  "force": 20,
  "targetAir": true,
  "targetGround": false,
  "scaledForce": 22,
  "health": 780,
  "range": 256,
  "damage": 2,
  "rotateSpeed": 15,
  "hasPower": true,
  "consumes": {
    "power": 4,
    "liquid": {
      "liquid": "living-steel-liquid",
      "amount": 0.1,
      "booster": true,
      "optional": true
    }
  },
  "liquidBoostIntensity": 1.8,
  "requirements": [
    {
      "item": "graphite",
      "amount": 90
    },
    {
      "item": "silicon",
      "amount": 210
    },
    {
      "item": "titanium",
      "amount": 270
    }
  ],
  "category": "turret",
  "research": "arc-coil-big"
}
