{
  "name": "Arc Storm",
  "description": "An arc but with more range and attack speed.",
  "size": 1,
  "range": 130,
  "reload": 11,
  "shootSound": "spark",
  "shootCone": 30,
  "shootType": {
    "type": "LightningBulletType",
    "lightningLength": 18,
    "damage": 30
  },
  "rotateSpeed": 100,
  "consumes": {
    "power": 4
  },
  "powerUse": 3.8,
  "targetAir": false,
  "targetGround": true,
  "heatColor": "ff0000",
  "shootEffect": "lightningShoot",
  "recoilAmount": 1,
  "cooldown": 0.02,
  "restitution": 0.02,
  "requirements": [
    {
      "item": "copper",
      "amount": 150
    },
    {
      "item": "lead",
      "amount": 150
    },
    {
      "item": "silicon",
      "amount": 20
    }
  ],
  "category": "turret",
  "type": "PowerTurret",
  "health": 420,
  "research": "air-arc"
}
