{
  "type": "pointDefenseTurret",
  "name": "Fragment",
  "description": "A better version of the Segment. Fires faster and does more damage to bullets. Can still not target lasers.",
  "size": 3,
  "health": 410,
  "range": 236,
  "reload": 5,
  "hasPower": true,
  "shootLength": 14,
  "bulletDamage": 35,
  "reloadTime": 5,
  "consumes": {
    "power": 10,
    "liquid": {
      "liquid": "cryofluid",
      "amount": 0.03,
      "booster": true,
      "optional": true
    }
  },
  "liquidBoostIntensity": 1.6,
  "requirements": [
    {"item": "copper", "amount": 200},
    {"item": "lead", "amount": 180},
    {"item": "silicon", "amount": 180},
    {"item": "thorium", "amount": 100},
    {"item": "phase-fabric", "amount": 60}
  ],
  "category": "turret",
  "research": "status-wave"
}
