{
  "type": "PowerTurret",
  "name": "Stasis Field",
  "description": "Shoots out shockwaves that deal damage and shock them, slowing them down quite a bit.",
  "range": 640,
  "canOverdrive": false,
  "liquidBoostIntensity": 0,
  "reload": 60,
  "consumes": {
    "power": 7
  },
  "shootType": {
    "instantDisappear": true,
    "damage": 0,
    "splashDamage": 5,
    "splashDamageRadius": 640,
    "status": {
      "name": "me-shockslowed",
      "localizedName": "Shock-Slowed",
      "speedMultiplier": 0.3,
      "alwaysUnlocked": true
    },
    "statusDuration": 60
  },
  "rotate": false,
  "rotateSpeed": 0,
  "shootCone": 360,
  "recoil": 0,
  "recoilAmount": 0,
  "size": 3,
  "ammoUseEffect": "none",
  "shootEffect": {
    "type": "WaveEffect",
    "sizeFrom": 0,
    "sizeTo": 900,
    "colorFrom": "e5ed2c",
    "colorTo": "cfd712"
  },
  "category": "turret",
  "research": "big-parallax",
  "requirements": [
    {"item": "copper", "amount": 300},
    {"item": "lead", "amount": 250},
    {"item": "graphite", "amount": 200},
    {"item": "silicon", "amount": 150},
    {"item": "living-steel-hard", "amount": 100}
  ]
}
