{
  "type": "GenericCrafter",
  "name": "Amalgam Forge",
  "description": "Smelts copper, living steel and surge alloy into Steel Amalgam using slag as a heat source. Is more cost-efficient than the Amalgam Smelter.",
  "outputItem": {
    "item": "steel-alloy",
    "amount": 2
  },
  "health": 740,
   "drawer": {
    "type": "DrawMulti",
    "drawers": [
      {
        "type": "DrawDefault" 
      }
      {
        "type": "DrawGlowRegion",
        "suffix": "-top",
        "color": "f1a397"
      },
      {
        "type": "DrawGlowRegion",
        "suffix": "-top2",
        "color": "dbaf85"
      }
    ]
  },
  "itemCapacity": 30,
  "size": 4,
  "craftTime": 75,
  "health": 240,
  "hasPower": true,
  "hasLiquids": true,
  "hasItems": true,
  "updateEffect": "smeltsmoke",
  "consumes": {
    "power": 7.4,
    "liquid": {
      "liquid": "slag",
      "amount": 0.2
    },
    "items": {
      "items": [
        {
          "item": "copper",
          "amount": 2
        },
        {
          "item": "living-steel",
          "amount": 3
        },
        {
          "item": "surge-alloy",
          "amount": 2
        }
      ]
    }
  },
  "requirements": [

    {
      "item": "copper",
      "amount": 360
    },
    {
      "item": "lead",
      "amount": 300
    },
    {
      "item": "living-steel",
      "amount": 150
    },
    {
      "item": "surge-alloy",
      "amount": 75
    }
  ],
  "category": "crafting",
  "research": "amalgam-smelter"
}
