{
  "type": "ItemTurret",
  "name": "Gattling",
  "description": "A rapid fire turret that is capable of firing with different types of ammo. Good luck keeping it supplied with ammo.",
  "health": 900,
  "hasLiquids": true,
  "liquidCapacity": 20,
  "maxAmmo": 600,
  "reload": 2,
  "range": 320,
  "ammoPerShot": 1,
  "size": 4,
  "targetAir": false,
  "targetGround": true,
  "rotatespeed": 8,
  "recoilAmount": 0.2,
  "shootSound": "shoot",
  "buildCostMultiplier": 0.2,
  "inaccuracy": 10,
  "ammoTypes": {
    "ammo-level-1": {
      "type": "BasicBulletType",
      "damage": 12,
      "splashDamageRadius": 5,
      "splashDamage": 5,
      "speed": 12,
      "lifetime": 25,
      "height": 10,
      "inaccuracy": 14,
      "width": 5,
      "ammoMultiplier": 10
    },
    "ammo-level-2": {
      "type": "BasicBulletType",
      "damage": 18,
      "splashDamageRadius": 10,
      "splashDamage": 12,
      "speed": 12,
      "lifetime": 25,
      "height": 10,
      "width": 5,
      "pierce": true,
      "inaccuracy": 12,
      "ammoMultiplier": 15
    },
    "ammo-level-3": {
      "type": "BasicBulletType",
      "damage": 22,
      "splashDamageRadius": 12,
      "splashDamage": 25,
      "speed": 12,
      "lifetime": 25,
      "height": 12,
      "pierce": true,
      "width": 6,
      "inaccuracy": 8,
      "ammoMultiplier": 15
    },
    "homing-ammo": {
      "type": "MissileBulletType",
      "damage": 32,
      "splashDamageRadius": 14,
      "splashDamage": 18,
      "speed": 12,
      "lifetime": 25,
      "height": 12,
      "pierce": true,
      "ammoMultiplier": 15
      "width": 6,
      "inaccuracy": 5,
      "homingPower": 0.2,
      "status": "burning",
      "statusDuration": 22
    },
    "living-steel": {
      "type": "BasicBulletType",
      "damage": 30,
      "splashDamageRadius": 6,
      "splashDamage": 10,
      "speed": 12,
      "lifetime": 25,
      "height": 12,
      "width": 6,
      "inaccuracy": 4,
      "status": "slow",
      "ammoMultiplier": 15,
      "statusDuration": 3
    },
    "nano-ammo": {
      "type": "BasicBulletType",
      "damage": 5,
      "speed": 12,
      "lifetime": 25,
      "splashDamage": 1,
      "splashDamageRadius": 1,
      "status": "burning",
      "ammoMultiplier": 15,
      "statusDuration": 8000000
    },
    "steel-alloy": {
      "lifetime": 25,
      "speed": 12,
      "ammoMultiplier": 5,
      "splashDamage": 16,
      "splashDamageRadius": 9,
      "lightning": 2,
      "ligtningLength": 5,
      "lightningDamage": 11,
      "shootEffect": "shootBig",
      "explodeRange": 20,
      "collidesGround": true,
      "damage": 8
    }
  },
  "requirements": [
    {
      "item": "copper",
      "amount": 500
    },
    {
      "item": "lead",
      "amount": 300
    },
    {
      "item": "titanium",
      "amount": 200
    },
    {
      "item": "plastanium",
      "amount": 85
    }
  ],
  "category": "turret",
  "research": "corrupted-cyclone"
}
