{
  "type": "ItemTurret",
  "name": "S.E.H.R.O.B.B",
  "description": "Stands for Super Epic Half Ring Of Bullets Bombard. Fires (like the name says half rings of frag Bullets at enemies that deal low damage but cover a lot of area. Don't place too many or it might become laggy.",
  "targetAir": true,
  "targetGround": true,
  "shoot": {
    "type": "ShootAlternate",
    "shots": 21,
    "spread": 3,
    "shotDelay": 0
  },
  "reload": 240,
  "recoilAmount": 0,
  "inaccuracy": 0,
  "size": 4,
  "health": 1000,
  "rotateSpeed": 10,
  "range": 293,
  "ammoTypes":{
    "ammo-level-1": {
    "type": "BasicBulletType",
		"speed": 2,
		"lifetime": 140,
		"collides": true,
		"damage": 40,
		"fragBullets": 10,
		"fragBullet":{
		  "type": "BasicBulletType",
		  "speed": 3,
		  "damage": 15, 
  		"lifetime": 45,
		  "collides": true
      }
    },
    "ammo-level-2": {
    "type": "BasicBulletType",
		"speed": 2,
		"lifetime": 140,
		"collides": true,
		"damage": 60,
		"fragBullets": 10,
      "pierce": true,
      "pierceCap": 4,
		"fragBullet":{
		  "type": "BasicBulletType",
		  "speed": 3,
		  "damage": 20, 
  		"lifetime": 45,
      "pierce": true,
      "pierceCap": 4,
		  "collides": true
      }
    },
    "ammo-level-3": {
    "type": "BasicBulletType",
		"speed": 2,
		"lifetime": 140,
		"collides": true,
		"damage": 90,
      "status": "blasted",
      "statusDuration": 60,
		"fragBullets": 10,
		"fragBullet":{
		  "type": "BasicBulletType",
		  "speed": 3,
      "status": "blasted",
      "statusDuration": 60,
		  "damage": 25, 
  		"lifetime": 45,
		  "collides": true,
      }
    },
    "nano-ammo": {
         "type": "BasicBulletType",
		"speed": 2,
		"lifetime": 140,
		"collides": true,
		"damage": 5,
		"fragBullets": 10,
		"fragBullet":{
		  "type": "BasicBulletType",
		  "speed": 3,
		  "status": "melting",
		  "statusDuration": 8000000,
		  "damage": 2, 
  		"lifetime": 45,
		  "collides": true
      }
    },
    "living-steel": {
         "type": "BasicBulletType",
		"speed": 2,
		"lifetime": 140,
		"collides": true,
		"damage": 30,
		"fragBullets": 10,
      "status": "sapped",
      "statusDuration": 60,
		"fragBullet":{
		  "type": "BasicBulletType",
		  "speed": 3,
		  "damage": 10,
		  "status": "slow",
		  "statusDuration": 100,
  		"lifetime": 45,
      "status": "sapped",
      "statusDuration": 60,
		  "collides": true
      }
    },
    "steel-alloy": {
         "type": "BasicBulletType",
		"speed": 2,
		"lifetime": 140,
		"collides": true,
		"damage": 40,
		"fragBullets": 10,
      "lightning": 3,
      "lightningLength": 8,
      "lightningDamage": 12,
      "status": "shocked",
      "statusDuration": 60,
		"fragBullet":{
		  "type": "BasicBulletType",
		  "speed": 3,
		  "damage": 14,
  		"lifetime": 45,
      "status": "shocked",
      "statusDuration": 60,
		  "collides": true
      }
    }
  },
  "category": "turret",
  "shootSound": "explosion",
  "research": "sniper",
  "requirements": [
    {
      "item": "copper",
      "amount": 200
    },
    {
      "item": "lead",
      "amount": 100
    },
    {
      "item": "graphite",
      "amount": 200
    },
    {
      "item": "titanium",
      "amount": 200
    },
    {
      "item": "phase-fabric",
      "amount": 100
    }
  ]
}
