{
  "type": "ItemTurret",
  "name": "Shotgun",
  "description": "A shotgun turret. More damage the closer the enemies are to it's barrel.",
  "health": 800,
  "maxAmmo": 10,
  "reload": 120,
  "range": 175,
  "shoot": {
    "type": "ShootAlternate",
    "shots": 25,
    "spread": 0,
    "barrels": 1,
    "shotDelay": 0
  },
  "inaccuracy": 16,
  "velocityInaccuracy": 0.10,
  "size": 3,
  "targetAir": false,
  "targetGround": true,
  "rotatespeed": 5,
  "recoilAmount": 1,
  "shootSound": "shoot",
  "buildCostMultiplier": 0.2,
  "ammoTypes": {
    "ammo-level-1": {
       "type": "BasicBulletType",
      "damage": 50,
      "speed": 5,
      "width": 3,
      "height": 6,
      "frontColor": "d17f4d",
      "backColor": "b87044",
      "shrinkY": 0.10
    },
    "ammo-level-2": {
      "damage": 75,
      "speed": 6,
      "type": "BasicBulletType",
      "lifetime": 30,
      "width": 4,
      "height": 7,
      "frontColor": "2a4bc2",
      "backColor": "2442ab",
      "shrinkY": 0.10,
      "pierce": true
    },
    "ammo-level-3": {
      "damage": 100,
      "speed": 6,
      "type": "BasicBulletType",
      "lifetime": 30,
      "width": 4,
      "height": 7,
      "frontColor": "c03939",
      "backColor": "a23030",
      "shrinkY": 0.10,
    },
    "homing-ammo": {
      "damage": 120,
      "speed": 6,
      "type": "BasicBulletType",
      "lifetime": 30,
      "width": 4,
      "height": 7,
      "frontColor": "963ac4",
      "backColor": "772c9c",
      "shrinkY": 0.10,
    },
    "living-steel": {
      "damage": 75,
      "speed": 6,
      "type": "BasicBulletType",
      "lifetime": 24,
      "width": 3,
      "height": 6,
      "frontColor": "8b0091",
      "backColor": "af00b5",
      "shrinkX": 0.1,
      "shrinkY": 0.1
    },
    "nano-ammo": {
      "type": "BasicBulletType",
      "speed": 7,
      "damage": 10,
      "splashDamage": 1,
      "splashDamageRadius": 1,
      "status": "melting",
      "statusDuration": 8000000
    },
    "steel-alloy": {
      "damage": 90,
      "speed": 6,
      "type": "BasicBulletType",
      "lifetime": 24,
      "width": 3,
      "height": 6,
      "lightning": 3,
      "lightningLength": 2,
      "lightningDamage": 6,
      "frontColor": "8b0091",
      "backColor": "af00b5",
      "shrinkX": 0.1,
      "shrinkY": 0.1
    }
  },
  "requirements": [
    {
      "item": "copper",
      "amount": 255
    },
    {
      "item": "lead",
      "amount": 180
    },
    {
      "item": "graphite",
      "amount": 100
    },
    {
      "item": "titanium",
      "amount": 120
    }
  ],
  "category": "turret",
  "research": "mine-launcher"
}
