{
  "name": "Living Steel Wall",
  "description": "A wall made from living steel that heals itself slowly.",
  "type": "MendProjector",
  "health": 960,
  "size": 1,
  "range": 1,
  "itemCapacity": 0,
  "hasItems": false,
  "reload": 2500,
  "healPercent": 1,
  "requirements": [
    {
      "item": "living-steel-hard",
      "amount": 6
    }
  ],
  "category": "defense",
  "research": {
   "parent": "mod-gate-walls",
    "requirements": [
      {
        "item": "living-steel-hard",
        "amount": 100
      }
    ]
  },
  "envDisabled": 16
}
