{
  "name": "Amalgam Wall",
  "description": "A small wall made from Steel Amalgam. Zaps enemies around it when they get close.",
  "type": "PowerTurret",
  "hasItems": false,
  "hasPower": false,
  "consumes": {
    "power": 0.2
  },
  "hasLiquids": false,
  "liquidBoostIntensity": 0,
  "canOverdrive": false,
  "size": 1,
  "recoil": 0,
  "health": 1200,
  "rotate": false,
  "rotateSpeed": 0,
  "shootCone": 360,
  "range": 30,
  "recoilAmount": 0,
  "shootCone": 360,
  "targetAir": false,
  "targetGround": true,
  "reloadTime": 90,
  "shots": 15,
  "spread": 30,
  "shootType": {
    "type": "LightningBulletType",
    "lightningLength": 7,
    "damage": 15,
    "lightningColor": "bd7374",
    "hitEffect": {
      "type": "WaveEffect",
      "colorFrom": "dbaf85",
      "colorTo": "ba6a83"
    }
},
"requirements": [
  {
    "item": "steel-alloy",
    "amount": 6
  }
  ],
"category": "defense",
"research": {
 "parent": "living-steel-wall-2",
  "requirements": [
    {
      "item": "steel-alloy",
      "amount": 300
    }
   ]
  },
  "envDisabled": 16
}
