{
  "name": "Large Amalgam Wall",
  "description": "A large wall made from Steel Amalgam. Zaps enemies around it when they get close.",
  "type": "PowerTurret",
  "hasItems": false,
  "hasPower": false,
  "consumes": {
    "power": 0.3
  },
  "hasLiquids": false,
  "liquidBoostIntensity": 0,
  "canOverdrive": false,
  "size": 2,
  "recoil": 0,
  "rotate": false,
  "rotateSpeed": 0,
  "shootCone": 360,
  "range": 60,
  "recoilAmount": 0,
  "shootCone": 360,
  "health": 4200,
  "targetAir": false,
  "targetGround": true,
  "reloadTime": 90,
  "shots": 20,
  "spread": 30,
  "shootType": {
    "type": "LightningBulletType",
    "lightningLength": 10,
    "damage": 25,
    "lightningColor": "bd7374",
    "hitEffect": {
      "type": "WaveEffect",
      "colorFrom": "dbaf85",
      "colorTo": "ba6a83"
    }
},
"requirements": [
  {
    "item": "steel-alloy",
    "amount": 24
  }
  ],
"category": "defense",
"research": {
 "parent": "steel-alloy-wall-small",
  "requirements": [
    {
      "item": "steel-alloy",
      "amount": 600
    }
    ]
  },
  "envDisabled": 16
}
