{
  "type": "GenericCrafter",
  "name": "Level 1 Ammocrafter",
  "description": "Crafts copper ammo out of copper and coal.",
  "size": 2,
  "hasPower": true,
  "hasItems": true,
  "hasLiquids": false,
  "craftTime": 50,
  "craftEffect": "smeltsmoke",
  "updateEffect": "pulverizeRed",
  "consumes": {
    "items": {
      "items": [
        {
          "item": "coal",
          "amount": 1
        },
        {
          "item": "copper",
          "amount": 2
        }
      ]
    }
  },
  "requirements": [
    {
      "item": "copper",
      "amount": 150
    },
    {
      "item": "lead",
      "amount": 120
    }
  ],
  "category": "crafting",
  "research": "mod-gate-crafters",
  "outputItem": {
    "item": "ammo-level-1",
    "amount": 2
  }
}
