{
  "type": "GenericCrafter",
  "name": "Level 2 Ammocrafter",
  "description": "Crafts titanium ammo out of titanium and coal.",
  "size": 2,
  "hasPower": true,
  "hasItems": true,
  "hasLiquids": false,
  "craftTime": 50,
  "craftEffect": "smeltsmoke",
  "updateEffect": "pulverizeRed",
  "consumes": {
    "power": 0.15,
    "items": {
      "items": [
        {
          "item": "coal",
          "amount": 3
        },
        {
          "item": "titanium",
          "amount": 2
        }
      ]
    }
  },
  "requirements": [
    {
      "item": "copper",
      "amount": 150
    },
    {
      "item": "lead",
      "amount": 120
    },
    {
      "item": "graphite",
      "amount": 55
    }
  ],
  "category": "crafting",
  "research": "ammo-crafter-1",
  "outputItem": {
    "item": "ammo-level-2",
    "amount": 1
  }
}
