{
  "type": "GenericCrafter",
  "name": "Heal-Ammo Crafter",
  "description": "Crafts healing ammunition using spore pods and coal. Used in turrets, this ammo can heal allied blocks.",
  "size": 2,
  "hasPower": true,
  "hasItems": true,
  "hasLiquids": false,
  "craftTime": 50,
  "craftEffect": "smeltsmoke",
  "updateEffect": "pulverizeRed",
  "consumes": {
    "power": 0.2,
    "items": {
      "items": [
        {
          "item": "spore-pod",
          "amount": 2
        },
        {
          "item": "coal",
          "amount": 2
        }
      ]
    }
  },
  "requirements": [
    {
      "item": "copper",
      "amount": 150
    },
    {
      "item": "lead",
      "amount": 120
    },
    {
      "item": "titanium",
      "amount": 55
    }
  ],
  "category": "crafting",
  "research": "ammo-crafter-3",
  "outputItem": {
    "item": "heal-ammo",
    "amount": 2
  }
}
