{
  "type": "GenericCrafter",
  "name": "Homing-Ammo Crafter",
  "description": "Crafts homing ammo out of thorium and coal.",
  "size": 2,
  "hasPower": true,
  "hasItems": true,
  "hasLiquids": false,
  "craftTime": 50,
  "craftEffect": "smeltsmoke",
  "updateEffect": "pulverizeRed",
  "consumes": {
    "power": 0.2,
    "items": {
      "items": [
        {
          "item": "thorium",
          "amount": 2
        },
        {
          "item": "coal",
          "amount": 2
        }
      ]
    }
  },
  "requirements": [
    {
      "item": "copper",
      "amount": 150
    },
    {
      "item": "lead",
      "amount": 120
    },
    {
      "item": "titanium",
      "amount": 55
    }
  ],
  "category": "crafting",
  "research": "heal-ammo-crafter",
  "outputItem": {
    "item": "homing-ammo",
    "amount": 2
  }
}
