{
  "type": "GenericCrafter",
  "name": "Nuke Crafter",
  "description": "Crafts nuclear warheads using uraniumrods and graphite.",
  "size": 2,
  "hasPower": true,
  "hasItems": true,
  "hasLiquids": false,
  "itemCapacity": 60,
  "craftTime": 600,
  "consumes": {
    "power": 6,
    "items": {
      "items": [
        {
          "item": "uraniumrod",
          "amount": 5
        },
        {
          "item": "graphite",
          "amount": 20
        }
      ]
    }
  },
  "requirements": [
    {
      "item": "copper",
      "amount": 1500
    },
    {
      "item": "lead",
      "amount": 1200
    },
    { 
      "item": "graphite",
      "amount": 1000
    },
    {
      "item": "surge-alloy",
      "amount": 600
    }
  ],
  "category": "crafting",
  "research": "nano-ammo-crafter",
  "outputItem": {
    "item": "nuke",
    "amount": 1
  }
}
